Observer,Date,Site,Complexity_Level,RTS,Camera_Position,Genus,Species,Fish_Name,Fish_Quantity,RTS_Location,Behavior,Bites,Bites_Location,Limu_Bait,TimeIn_Frame,TimeOut_Frame,Time_Seconds,Notes,,
Cook_A,9/21/2023,1,1,2,1,thalassoma,duperrey,saddlewrasse,1,2,foraging,1,limu,dictyotaspp,11.12,11.22,10,video C1 (1) Survey start at 10:32 ,,
Cook_A,9/21/2023,1,1,2,1,thalassoma,duperrey,saddlewrasse,1,2,foraging,1,limu,dictyotaspp,11.18,11.34,16,,,
Cook_A,9/21/2023,1,1,2,1,thalassoma,duperrey,saddlewrasse,1,2,swim,0,none,none,11.30,11.38,8,end of video C1 (1),,
Cook_A,9/21/2023,1,1,2,1,mulloidichthys,flavolineatus,yellowstripe_goatfish,2,1,swim,0,none,none,1.31,1.35,4,Video C1 (2),,
Cook_A,9/21/2023,1,1,2,1,thalassoma,duperrey,saddlewrasse,1,2,swim,0,none,none,2.26,2.56,30,,,
Cook_A,9/21/2023,1,1,2,1,thalassoma,duperrey,saddlewrasse,1,2,foraging,1,substrate,none,2.35,2.40,5,,,
Cook_A,9/21/2023,1,1,2,1,thalassoma,duperrey,saddlewrasse,1,2,swim,0,none,none,2.49,3.10,21,,,
Cook_A,9/21/2023,1,1,2,1,mulloidichthys,flavolineatus,yellowstripe_goatfish,1,2,swim,0,none,none,3.05,3.13,8,,,
Cook_A,9/21/2023,1,1,2,1,thalassoma,duperrey,saddlewrasse,1,3,swim,0,none,none,4.54,5.09,15,,,
Cook_A,9/21/2023,1,1,2,1,thalassoma,duperrey,saddlewrasse,1,1,swim,0,none,none,5.09,5.12,3,,,
Cook_A,9/21/2023,1,1,2,1,thalassoma,duperrey,saddlewrasse,1,3,foraging,2,substrate,none,5.40,6.07,27,,,
Cook_A,9/21/2023,1,1,2,1,thalassoma,duperrey,saddlewrasse,1,2,swim,0,none,none,5.46,5.55,9,,,
Cook_A,9/21/2023,1,1,2,1,thalassoma,duperrey,saddlewrasse,1,3,swim,0,none,none,6.04,6.22,18,,,
Cook_A,9/21/2023,1,1,2,1,thalassoma,duperrey,saddlewrasse,1,1,swim,0,none,none,6.20,6.29,9,,,
Cook_A,9/21/2023,1,1,2,1,gomphosus,varius,birdwrasse,1,1,swim,0,none,none,6.21,6.24,3,,,
Cook_A,9/21/2023,1,1,2,1,mulloidichthys,flavolineatus,yellowstripe_goatfish,2,1,swim,0,none,none,6.27,6.33,6,,,
Cook_A,9/21/2023,1,1,2,1,thalassoma,duperrey,saddlewrasse,1,2,swim,0,none,none,6.32,7.05,33,,,
Cook_A,9/21/2023,1,1,2,1,mulloidichthys,flavolineatus,yellowstripe_goatfish,3,1,swim,0,none,none,6.39,6.42,3,,,
Cook_A,9/21/2023,1,1,2,1,mulloidichthys,flavolineatus,yellowstripe_goatfish,4,2,swim,0,none,none,6.52,6.58,6,,,
Cook_A,9/21/2023,1,1,2,1,chelonia,mydas,greenseaturtle,1,4,swim,0,none,none,6.45,7.06,21,,,
Cook_A,9/21/2023,1,1,2,1,thalassoma,duperrey,saddlewrasse,1,4,swim,0,none,none,7.11,7.16,5,,,
Cook_A,9/21/2023,1,1,2,1,mulloidichthys,flavolineatus,yellowstripe_goatfish,8,3,swim,0,none,none,7.08,7.28,20,,,
Cook_A,9/21/2023,1,1,2,1,thalassoma,duperrey,saddlewrasse,1,1,swim,0,none,none,7.28,7.47,19,,,
Cook_A,9/21/2023,1,1,2,1,thalassoma,duperrey,saddlewrasse,1,3,swim,0,none,none,7.47,7.52,5,,,
Cook_A,9/21/2023,1,1,2,1,mulloidichthys,flavolineatus,yellowstripe_goatfish,15,3,swim,0,none,none,7.58,8.30,32,,,
Cook_A,9/21/2023,1,1,2,1,thalassoma,duperrey,saddlewrasse,1,3,swim,0,none,none,8.03,8.10,7,,,
Cook_A,9/21/2023,1,1,2,1,acanthurus,blochii,ringtail_surgeonfish,16,3,swim,0,none,none,10.26,10.57,31,,,
Cook_A,9/21/2023,1,1,2,1,thalassoma,duperrey,saddlewrasse,1,3,swim,0,none,none,11.41,11.56,15,,,
Cook_A,9/21/2023,1,1,2,1,chaetodon,lineolatus,linedbutterflyfish,2,2,swim,0,none,none,11.42,11.59,17,,,
Cook_A,9/21/2023,1,1,2,1,acanthurus,blochii,ringtail_surgeonfish,2,1,swim,0,none,none,11.48,11.59,11,,,
Cook_A,9/21/2023,1,1,2,1,mulloidichthys,flavolineatus,yellowstripe_goatfish,4,1,swim,0,none,none,12.41,12.48,7,end of video C1 (2),,
Cook_A,9/21/2023,1,1,2,1,acanthurus,blochii,ringtail_surgeonfish,1,1,swim,0,none,none,0.01,0.12,11,video C1 (3),,
Cook_A,9/21/2023,1,1,2,1,mulloidichthys,flavolineatus,yellowstripe_goatfish,6,1,swim,0,none,none,0.02,0.08,6,,,
Cook_A,9/21/2023,1,1,2,1,mulloidichthys,flavolineatus,yellowstripe_goatfish,16,3,swim,0,none,none,0.16,0.36,20,,,
Cook_A,9/21/2023,1,1,2,1,thalassoma,duperrey,saddlewrasse,1,3,swim,0,none,none,0.19,0.39,20,,,
Cook_A,9/21/2023,1,1,2,1,ostracion,meleagris,spotted_boxfish,1,2,foraging,1,substrate,none,0.18,0.33,15,,,
Cook_A,9/21/2023,1,1,2,1,mulloidichthys,flavolineatus,yellowstripe_goatfish,25,3,swim,0,none,none,0.35,0.58,23,,,
Cook_A,9/21/2023,1,1,2,1,mulloidichthys,flavolineatus,yellowstripe_goatfish,7,3,swim,0,none,none,1.27,1.41,14,,,
Cook_A,9/21/2023,1,1,2,1,thalassoma,duperrey,saddlewrasse,1,4,swim,0,none,none,1.29,1.45,16,,,
Cook_A,9/21/2023,1,1,2,1,mulloidichthys,flavolineatus,yellowstripe_goatfish,8,1,swim,0,none,none,2.50,2.55,5,,,
Cook_A,9/21/2023,1,1,2,1,chelonia,mydas,greenseaturtle,1,2,swim,0,none,none,2.50,3.14,24,,,
Cook_A,9/21/2023,1,1,2,1,thalassoma,duperrey,saddlewrasse,1,3,swim,0,none,none,3.08,3.12,4,,,
Cook_A,9/21/2023,1,1,2,1,thalassoma,duperrey,saddlewrasse,1,3,foraging,2,limu,padinaspp,3.15,3.28,13,,,
Cook_A,9/21/2023,1,1,2,1,thalassoma,duperrey,saddlewrasse,1,3,foraging,4,substrate,none,3.18,3.47,29,,,
Cook_A,9/21/2023,1,1,2,1,thalassoma,duperrey,saddlewrasse,1,4,foraging,1,limu,padinaspp,3.25,3.51,26,bite on limu position 1,,
Cook_A,9/21/2023,1,1,2,1,mulloidichthys,flavolineatus,yellowstripe_goatfish,8,3,swim,0,none,none,3.23,3.40,17,,,
Cook_A,9/21/2023,1,1,2,1,thalassoma,duperrey,saddlewrasse,1,4,foraging,2,limu,both(padina/dictyota),3.58,4.11,13,bites on position 1 and 4,,
Cook_A,9/21/2023,1,1,2,1,thalassoma,duperrey,saddlewrasse,1,2,swim,0,none,none,4.18,4.24,6,,,
Cook_A,9/21/2023,1,1,2,1,thalassoma,duperrey,saddlewrasse,1,2,foraging,1,substrate,none,6.04,6.27,23,,,
Cook_A,9/21/2023,1,1,2,1,thalassoma,duperrey,saddlewrasse,1,2,swim,0,none,none,10.39,10.52,13,,,
Cook_A,9/21/2023,1,1,2,1,mulloidichthys,flavolineatus,yellowstripe_goatfish,10,1,swim,0,none,none,10.39,10.51,12,end of video C1 (3),,
Cook_A,9/21/2023,1,1,2,1,caranx,melampygus,bluefintrevally,5,2,swim,0,none,none,0.00,0.12,12,video C1 (4),,
Cook_A,9/21/2023,1,1,2,1,caranx,melampygus,bluefintrevally,5,1,swim,0,none,none,0.21,0.31,10,,,
Cook_A,9/21/2023,1,1,2,1,mulloidichthys,flavolineatus,yellowstripe_goatfish,1,2,swim,0,none,none,1.22,1.25,3,,,
Cook_A,9/21/2023,1,1,2,1,thalassoma,duperrey,saddlewrasse,1,3,swim,0,none,none,1.42,1.55,13,,,
Cook_A,9/21/2023,1,1,2,1,mulloidichthys,flavolineatus,yellowstripe_goatfish,22,4,swim,0,none,none,3.38,4.37,59,,,
Cook_A,9/21/2023,1,1,2,1,acanthurus,blochii,ringtail_surgeonfish,2,2,foraging,1,substrate,none,3.59,4.25,26,,,
Cook_A,9/21/2023,1,1,2,1,caranx,melampygus,bluefintrevally,2,2,swim,0,none,none,4.14,4.18,4,,,
Cook_A,9/21/2023,1,1,2,1,thalassoma,duperrey,saddlewrasse,1,2,foraging,1,substrate,none,5.00,5.27,27,,,
Cook_A,9/21/2023,1,1,2,1,thalassoma,duperrey,saddlewrasse,1,2,swim,0,none,none,5.50,5.57,7,,,
Cook_A,9/21/2023,1,1,2,1,thalassoma,duperrey,saddlewrasse,1,4,swim,0,none,none,6.06,6.16,10,,,
Cook_A,9/21/2023,1,1,2,1,mulloidichthys,flavolineatus,yellowstripe_goatfish,13,4,swim,0,none,none,7.32,7.46,14,,,
Cook_A,9/21/2023,1,1,2,1,thalassoma,duperrey,saddlewrasse,1,3,swim,0,none,none,7.37,7.55,18,,,
Cook_A,9/21/2023,1,1,2,1,thalassoma,duperrey,saddlewrasse,1,4,swim,0,none,none,7.44,7.53,9,,,
Cook_A,9/21/2023,1,1,2,1,mulloidichthys,flavolineatus,yellowstripe_goatfish,10,2,swim,0,none,none,8.32,8.47,15,end of video survey @ 12:00,,
Cook_A,9/21/2023,1,1,2,2,mulloidichthys,flavolineatus,yellowstripe_goatfish,2,2,swim,0,none,none,0.27,0.31,4,"Survey starts @ 9:36, video C2 (1), no fish in this video",,
Cook_A,9/21/2023,1,1,2,2,thalassoma,duperrey,saddlewrasse,1,4,swim,0,none,none,1.36,1.53,17,video C2 (2),,
Cook_A,9/21/2023,1,1,2,2,mulloidichthys,flavolineatus,yellowstripe_goatfish,1,3,swim,0,none,none,2.03,2.06,3,,,
Cook_A,9/21/2023,1,1,2,2,thalassoma,duperrey,saddlewrasse,1,5,swim,0,none,none,4.40,5.06,26,,,
Cook_A,9/21/2023,1,1,2,2,thalassoma,duperrey,saddlewrasse,1,2,foraging,1,substrate,none,4.45,4.51,6,,,
Cook_A,9/21/2023,1,1,2,2,thalassoma,duperrey,saddlewrasse,1,2,swim,0,none,none,5.43,5.45,2,,,
Cook_A,9/21/2023,1,1,2,2,chelonia,mydas,greenseaturtle,1,5,swim,0,none,none,5.43,6.03,20,,,
Cook_A,9/21/2023,1,1,2,2,mulloidichthys,flavolineatus,yellowstripe_goatfish,2,2,swim,0,none,none,5.51,5.53,2,,,
Cook_A,9/21/2023,1,1,2,2,thalassoma,duperrey,saddlewrasse,2,5,swim,0,none,none,6.10,6.15,5,,,
Cook_A,9/21/2023,1,1,2,2,mulloidichthys,flavolineatus,yellowstripe_goatfish,13,5,swim,0,none,none,6.10,6.21,11,,,
Cook_A,9/21/2023,1,1,2,2,thalassoma,duperrey,saddlewrasse,1,5,foraging,1,limu,dictyotaspp,6.32,6.46,14,bit limu position 4,,
Cook_A,9/21/2023,1,1,2,2,mulloidichthys,flavolineatus,yellowstripe_goatfish,11,5,swim,0,none,none,6.59,7.21,22,,,
Cook_A,9/21/2023,1,1,2,2,thalassoma,duperrey,saddlewrasse,1,5,swim,0,none,none,7.02,7.08,6,,,
Cook_A,9/21/2023,1,1,2,2,thalassoma,duperrey,saddlewrasse,1,5,swim,0,none,none,7.20,7.29,9,,,
Cook_A,9/21/2023,1,1,2,2,acanthurus,blochii,ringtail_surgeonfish,12,5,swim,0,none,none,9.27,9.53,26,,,
Cook_A,9/21/2023,1,1,2,2,thalassoma,duperrey,saddlewrasse,1,5,foraging,1,substrate,none,10.33,10.54,21,,,
Cook_A,9/21/2023,1,1,2,2,chaetodon,lineolatus,linedbutterflyfish,2,4,foraging,2,substrate,none,10.41,10.56,15,,,
Cook_A,9/21/2023,1,1,2,2,ostracion,meleagris,spotted_boxfish,1,5,foraging,25,substrate,none,9.50,12.16,146,,,
Cook_A,9/21/2023,1,1,2,2,mulloidichthys,flavolineatus,yellowstripe_goatfish,1,2,swim,0,none,none,11.39,11.42,3,,,
Cook_A,9/21/2023,1,1,2,2,acanthurus,blochii,ringtail_surgeonfish,1,3,swim,0,none,none,11.42,11.59,17,,,
Cook_A,9/21/2023,1,1,2,2,mulloidichthys,flavolineatus,yellowstripe_goatfish,10,5,swim,0,none,none,12.07,12.17,10,,,
Cook_A,9/21/2023,1,1,2,2,thalassoma,duperrey,saddlewrasse,1,3,swim,0,none,none,12.09,12.38,29,,,
Cook_A,9/21/2023,1,1,2,2,mulloidichthys,flavolineatus,yellowstripe_goatfish,14,4,swim,0,none,none,12.28,12.41,13,end of video C2 (2),,
Cook_A,9/21/2023,1,1,2,2,thalassoma,duperrey,saddlewrasse,1,4,swim,0,none,none,0.19,0.31,12,video C2 (3),,
Cook_A,9/21/2023,1,1,2,2,mulloidichthys,flavolineatus,yellowstripe_goatfish,2,3,swim,0,none,none,1.46,1.49,3,,,
Cook_A,9/21/2023,1,1,2,2,chelonia,mydas,greenseaturtle,1,3,swim,0,none,none,1.49,2.09,20,,,
Cook_A,9/21/2023,1,1,2,2,thalassoma,duperrey,saddlewrasse,1,5,foraging,2,substrate,none,2.02,2.42,40,,,
Cook_A,9/21/2023,1,1,2,2,thalassoma,duperrey,saddlewrasse,1,5,foraging,2,substrate,none,2.12,2.35,23,,,
Cook_A,9/21/2023,1,1,2,2,thalassoma,duperrey,saddlewrasse,1,4,foraging,2,substrate,none,2.13,2.38,25,,,
Cook_A,9/21/2023,1,1,2,2,thalassoma,duperrey,saddlewrasse,1,4,foraging,1,limu,dictyotaspp,3.00,3.07,7,,,
Cook_A,9/21/2023,1,1,2,2,thalassoma,duperrey,saddlewrasse,1,4,swim,0,none,none,3.29,3.36,7,,,
Cook_A,9/21/2023,1,1,2,2,thalassoma,duperrey,saddlewrasse,1,3,swim,0,none,none,5.03,5.12,9,,,
Cook_A,9/21/2023,1,1,2,2,mulloidichthys,flavolineatus,yellowstripe_goatfish,5,2,swim,0,none,none,9.40,9.46,6,,,
Cook_A,9/21/2023,1,1,2,2,thalassoma,duperrey,saddlewrasse,1,3,swim,0,none,none,9.43,9.47,4,,,
Cook_A,9/21/2023,1,1,2,2,caranx,melampygus,bluefintrevally,4,3,swim,0,none,none,11.46,11.50,4,,,
Cook_A,9/21/2023,1,1,2,2,caranx,melampygus,bluefintrevally,4,3,swim,0,none,none,12.11,12.19,8,end video C2 (3),,
Cook_A,9/21/2023,1,1,2,2,thalassoma,duperrey,saddlewrasse,1,3,swim,0,none,none,0.42,0.49,7,video C2 (4),,
Cook_A,9/21/2023,1,1,2,2,mulloidichthys,flavolineatus,yellowstripe_goatfish,15,5,swim,0,none,none,2.35,3.27,52,,,
Cook_A,9/21/2023,1,1,2,2,mulloidichthys,flavolineatus,yellowstripe_goatfish,6,5,swim,0,none,none,4.47,4.52,5,,,
Cook_A,9/21/2023,1,1,2,2,thalassoma,duperrey,saddlewrasse,1,4,swim,0,none,none,4.52,4.55,3,,,
Cook_A,9/21/2023,1,1,2,2,thalassoma,duperrey,saddlewrasse,1,3,swim,0,none,none,5.02,5.09,7,,,
Cook_A,9/21/2023,1,1,2,2,thalassoma,duperrey,saddlewrasse,1,3,swim,0,none,none,6.39,6.45,6,,,
Cook_A,9/21/2023,1,1,2,2,thalassoma,duperrey,saddlewrasse,1,4,swim,0,none,none,6.42,6.50,8,end of video survey @ 11:03,,
Cook_A,9/21/2023,1,1,2,3,thalassoma,duperrey,saddlewrasse,1,6,swim,0,none,none,11.09,11.35,26,"Survey starts @ 5:46, video C3 (2)",,
Cook_A,9/21/2023,1,1,2,3,thalassoma,duperrey,saddlewrasse,1,6,swim,0,none,none,1.19,1.32,13,video C3 (3),,
Cook_A,9/21/2023,1,1,2,3,chelonia,mydas,greenseaturtle,1,6,swim,0,none,none,2.20,2.41,21,,,
Cook_A,9/21/2023,1,1,2,3,mulloidichthys,flavolineatus,yellowstripe_goatfish,9,6,swim,0,none,none,2.46,3.00,14,,,
Cook_A,9/21/2023,1,1,2,3,thalassoma,duperrey,saddlewrasse,1,6,foraging,1,limu,dictyotaspp,2.52,3.14,22,,,
Cook_A,9/21/2023,1,1,2,3,mulloidichthys,flavolineatus,yellowstripe_goatfish,14,6,swim,0,none,none,3.43,4.00,17,,,
Cook_A,9/21/2023,1,1,2,3,thalassoma,duperrey,saddlewrasse,1,6,swim,0,none,none,3.43,3.59,16,,,
Cook_A,9/21/2023,1,1,2,3,acanthurus,blochii,ringtail_surgeonfish,12,6,swim,0,none,none,6.06,6.27,21,,,
Cook_A,9/21/2023,1,1,2,3,ostracion,meleagris,spotted_boxfish,1,6,foraging,22,substrate,none,6.30,8.38,8,,,
Cook_A,9/21/2023,1,1,2,3,thalassoma,duperrey,saddlewrasse,1,6,swim,0,none,none,7.07,7.37,30,,,
Cook_A,9/21/2023,1,1,2,3,acanthurus,blochii,ringtail_surgeonfish,7,6,swim,0,none,none,7.40,7.59,19,,,
Cook_A,9/21/2023,1,1,2,3,mulloidichthys,flavolineatus,yellowstripe_goatfish,8,6,swim,0,none,none,8.38,8.50,12,,,
Cook_A,9/21/2023,1,1,2,3,mulloidichthys,flavolineatus,yellowstripe_goatfish,12,6,swim,0,none,none,9.05,9.15,10,,,
Cook_A,9/21/2023,1,1,2,3,mulloidichthys,flavolineatus,yellowstripe_goatfish,5,6,swim,0,none,none,9.48,9.57,9,,,
Cook_A,9/21/2023,1,1,2,3,chelonia,mydas,greenseaturtle,1,5,swim,0,none,none,11.25,11.31,6,,,
Cook_A,9/21/2023,1,1,2,3,thalassoma,duperrey,saddlewrasse,1,6,foraging,1,substrate,none,11.37,11.48,11,,,
Cook_A,9/21/2023,1,1,2,3,thalassoma,duperrey,saddlewrasse,1,6,foraging,1,substrate,none,11.42,12.01,19,end video C3 (3),,
Cook_A,9/21/2023,1,1,2,3,caranx,melampygus,bluefintrevally,2,6,swim,0,none,none,8.28,8.33,5,video C3 (4),,
Cook_A,9/21/2023,1,1,2,3,mulloidichthys,flavolineatus,yellowstripe_goatfish,15,6,swim,0,none,none,12.09,12.43,34,end video C3 (4),,
Cook_A,9/21/2023,1,1,2,3,mulloidichthys,flavolineatus,yellowstripe_goatfish,9,6,swim,0,none,none,0.00,1.02,62,video C3 (5),,
Cook_A,9/21/2023,1,1,2,3,mulloidichthys,flavolineatus,yellowstripe_goatfish,6,6,swim,0,none,none,1.20,1.29,9,,,
Cook_A,9/21/2023,1,1,2,3,mulloidichthys,flavolineatus,yellowstripe_goatfish,6,6,swim,0,none,none,1.38,1.58,20,,,
Cook_A,9/21/2023,1,1,2,3,mulloidichthys,flavolineatus,yellowstripe_goatfish,6,6,swim,0,none,none,2.32,2.42,10,,,
Cook_A,9/21/2023,1,1,2,3,mulloidichthys,flavolineatus,yellowstripe_goatfish,12,6,swim,0,none,none,3.04,3.17,13,"end of video survey @ 7:14, video C3 (5)",,
Cook_A,9/21/2023,1,1,1,1,thalassoma,duperrey,saddlewrasse,1,3,foraging,2,limu,padinaspp,3.36,4.03,27,"survey start @ 3:26, video A2 (3)",,
Cook_A,9/21/2023,1,1,1,1,chaetodon,miliaris,milletseed_butterflyfish,1,3,foraging,7,substrate,none,3.39,4.07,28,,,
Cook_A,9/21/2023,1,1,1,1,chaetodon,miliaris,milletseed_butterflyfish,1,3,foraging,10,substrate,none,3.38,4.30,52,,,
Cook_A,9/21/2023,1,1,1,1,thalassoma,duperrey,saddlewrasse,1,1,swim,0,none,none,3.43,4.02,19,,,
Cook_A,9/21/2023,1,1,1,1,chaetodon,miliaris,milletseed_butterflyfish,4,1,swim,0,none,none,3.54,4.04,10,,,
Cook_A,9/21/2023,1,1,1,1,thalassoma,duperrey,saddlewrasse,1,1,swim,0,none,none,4.16,4.20,4,,,
Cook_A,9/21/2023,1,1,1,1,chaetodon,miliaris,milletseed_butterflyfish,1,2,foraging,4,substrate,none,4.08,4.31,23,,,
Cook_A,9/21/2023,1,1,1,1,chaetodon,miliaris,milletseed_butterflyfish,1,1,foraging,1,substrate,none,4.17,4.30,13,,,
Cook_A,9/21/2023,1,1,1,1,chaetodon,miliaris,milletseed_butterflyfish,2,3,foraging,30,substrate,none,4.51,6.23,92,,,
Cook_A,9/21/2023,1,1,1,1,chaetodon,miliaris,milletseed_butterflyfish,1,3,foraging,9,substrate,none,5.29,6.01,32,,,
Cook_A,9/21/2023,1,1,1,1,chaetodon,miliaris,milletseed_butterflyfish,1,2,foraging,7,substrate,none,5.38,6.08,30,,,
Cook_A,9/21/2023,1,1,1,1,mulloidichthys,flavolineatus,yellowstripe_goatfish,1,3,swim,0,none,none,6.24,6.33,9,,,
Cook_A,9/21/2023,1,1,1,1,acanthurus,blochii,ringtail_surgeonfish,1,1,swim,0,none,none,6.30,6.38,8,,,
Cook_A,9/21/2023,1,1,1,1,chaetodon,miliaris,milletseed_butterflyfish,1,1,swim,0,none,none,6.30,6.35,5,,,
Cook_A,9/21/2023,1,1,1,1,chaetodon,miliaris,milletseed_butterflyfish,1,2,foraging,7,substrate,none,6.50,7.12,22,,,
Cook_A,9/21/2023,1,1,1,1,thalassoma,duperrey,saddlewrasse,1,2,foraging,7,limu,dictyotaspp,6.52,7.18,26,,,
Cook_A,9/21/2023,1,1,1,1,chaetodon,miliaris,milletseed_butterflyfish,1,3,foraging,3,substrate,none,6.56,7.12,16,,,
Cook_A,9/21/2023,1,1,1,1,chaetodon,miliaris,milletseed_butterflyfish,1,1,foraging,18,substrate,none,7.17,8.10,53,,,
Cook_A,9/21/2023,1,1,1,1,mulloidichthys,flavolineatus,yellowstripe_goatfish,2,2,swim,0,none,none,7.26,7.32,6,,,
Cook_A,9/21/2023,1,1,1,1,thalassoma,duperrey,saddlewrasse,1,2,swim,0,none,none,7.48,8.02,14,,,
Cook_A,9/21/2023,1,1,1,1,thalassoma,duperrey,saddlewrasse,1,3,swim,0,none,none,8.01,8.09,8,,,
Cook_A,9/21/2023,1,1,1,1,chaetodon,miliaris,milletseed_butterflyfish,1,3,foraging,12,substrate,none,8.08,8.40,32,,,
Cook_A,9/21/2023,1,1,1,1,thalassoma,duperrey,saddlewrasse,1,3,foraging,1,substrate,none,8.17,8.32,15,,,
Cook_A,9/21/2023,1,1,1,1,thalassoma,duperrey,saddlewrasse,1,3,foraging,2,substrate,none,8.17,8.31,14,,,
Cook_A,9/21/2023,1,1,1,1,chaetodon,miliaris,milletseed_butterflyfish,1,3,foraging,2,limu,padinaspp,8.21,8.33,12,,,
Cook_A,9/21/2023,1,1,1,1,chaetodon,miliaris,milletseed_butterflyfish,1,2,foraging,1,substrate,none,8.48,9.16,28,,,
Cook_A,9/21/2023,1,1,1,1,thalassoma,duperrey,saddlewrasse,1,2,foraging,1,substrate,none,8.53,9.10,17,,,
Cook_A,9/21/2023,1,1,1,1,chaetodon,miliaris,milletseed_butterflyfish,1,3,foraging,10,substrate,none,9.26,10.13,47,,,
Cook_A,9/21/2023,1,1,1,1,chaetodon,miliaris,milletseed_butterflyfish,1,3,foraging,9,substrate,none,9.38,10.17,39,,,
Cook_A,9/21/2023,1,1,1,1,chaetodon,miliaris,milletseed_butterflyfish,1,2,foraging,8,substrate,none,9.43,10.14,31,,,
Cook_A,9/21/2023,1,1,1,1,chaetodon,miliaris,milletseed_butterflyfish,3,3,foraging,20,substrate,none,10.39,12.12,93,,,
Cook_A,9/21/2023,1,1,1,1,acanthurus,blochii,ringtail_surgeonfish,1,1,foraging,4,substrate,none,10.40,10.54,14,,,
Cook_A,9/21/2023,1,1,1,1,chaetodon,miliaris,milletseed_butterflyfish,2,1,foraging,5,substrate,none,11.13,11.18,5,,,
Cook_A,9/21/2023,1,1,1,1,mulloidichthys,flavolineatus,yellowstripe_goatfish,14,3,swim,0,none,none,11.19,11.40,21,,,
Cook_A,9/21/2023,1,1,1,1,gomphosus,varius,birdwrasse,1,3,swim,0,none,none,11.21,11.23,2,,,
Cook_A,9/21/2023,1,1,1,1,acanthurus,blochii,ringtail_surgeonfish,19,3,swim,0,none,none,11.25,11.51,26,,,
Cook_A,9/21/2023,1,1,1,1,chaetodon,miliaris,milletseed_butterflyfish,1,3,foraging,10,substrate,none,11.40,12.08,28,,,
Cook_A,9/21/2023,1,1,1,1,mulloidichthys,flavolineatus,yellowstripe_goatfish,12,3,swim,0,none,none,11.59,12.45,46,,,
Cook_A,9/21/2023,1,1,1,1,thalassoma,duperrey,saddlewrasse,1,2,swim,0,none,none,12.10,12.16,6,,,
Cook_A,9/21/2023,1,1,1,1,acanthurus,blochii,ringtail_surgeonfish,14,2,foraging,4,substrate,none,12.33,12.51,18,,,
Cook_A,9/21/2023,1,1,1,1,chaetodon,miliaris,milletseed_butterflyfish,3,3,foraging,12,substrate,none,12.22,12.46,24,end video A2 (3),,
Cook_A,9/21/2023,1,1,1,1,acanthurus,blochii,ringtail_surgeonfish,14,3,foraging,14,substrate,none,0.00,0.30,30,video A2 (4),,
Cook_A,9/21/2023,1,1,1,1,mulloidichthys,flavolineatus,yellowstripe_goatfish,7,3,swim,0,none,none,0.06,0.21,15,,,
Cook_A,9/21/2023,1,1,1,1,mulloidichthys,flavolineatus,yellowstripe_goatfish,11,3,swim,0,none,none,0.34,1.00,26,,,
Cook_A,9/21/2023,1,1,1,1,acanthurus,blochii,ringtail_surgeonfish,32,3,swim,0,none,none,0.43,1.48,5,,,
Cook_A,9/21/2023,1,1,1,1,chaetodon,miliaris,milletseed_butterflyfish,2,3,foraging,7,substrate,none,0.44,1.10,26,,,
Cook_A,9/21/2023,1,1,1,1,thalassoma,duperrey,saddlewrasse,1,3,swim,0,none,none,0.49,1.03,14,,,
Cook_A,9/21/2023,1,1,1,1,mulloidichthys,flavolineatus,yellowstripe_goatfish,7,3,swim,0,none,none,1.37,2.53,76,,,
Cook_A,9/21/2023,1,1,1,1,acanthurus,blochii,ringtail_surgeonfish,12,3,swim,0,none,none,2.27,2.46,19,,,
Cook_A,9/21/2023,1,1,1,1,thalassoma,duperrey,saddlewrasse,1,1,swim,0,none,none,2.54,3.07,13,,,
Cook_A,9/21/2023,1,1,1,1,thalassoma,duperrey,saddlewrasse,1,3,swim,0,none,none,3.24,3.27,3,,,
Cook_A,9/21/2023,1,1,1,1,thalassoma,duperrey,saddlewrasse,1,3,swim,0,none,none,3.49,3.50,1,,,
Cook_A,9/21/2023,1,1,1,1,chaetodon,miliaris,milletseed_butterflyfish,1,3,foraging,1,substrate,none,4.14,4.20,6,,,
Cook_A,9/21/2023,1,1,1,1,mulloidichthys,flavolineatus,yellowstripe_goatfish,6,3,swim,0,none,none,4.30,4.36,6,,,
Cook_A,9/21/2023,1,1,1,1,thalassoma,duperrey,saddlewrasse,1,3,swim,0,none,none,4.44,4.48,4,,,
Cook_A,9/21/2023,1,1,1,1,chaetodon,miliaris,milletseed_butterflyfish,1,3,foraging,6,substrate,none,5.07,5.25,18,,,
Cook_A,9/21/2023,1,1,1,1,chelonia,mydas,greenseaturtle,1,2,swim,0,none,none,5.23,5.41,18,,,
Cook_A,9/21/2023,1,1,1,1,chaetodon,miliaris,milletseed_butterflyfish,1,3,foraging,8,substrate,none,5.51,6.13,22,,,
Cook_A,9/21/2023,1,1,1,1,mulloidichthys,flavolineatus,yellowstripe_goatfish,4,2,swim,0,none,none,6.20,7.00,40,,,
Cook_A,9/21/2023,1,1,1,1,chaetodon,miliaris,milletseed_butterflyfish,1,2,swim,0,none,none,6.25,6.33,8,,,
Cook_A,9/21/2023,1,1,1,1,chaetodon,miliaris,milletseed_butterflyfish,2,3,foraging,9,substrate,none,6.39,7.21,42,,,
Cook_A,9/21/2023,1,1,1,1,thalassoma,duperrey,saddlewrasse,1,2,foraging,2,limu,dictyotaspp,7.21,7.40,19,,,
Cook_A,9/21/2023,1,1,1,1,chaetodon,miliaris,milletseed_butterflyfish,1,3,foraging,7,substrate,none,7.27,7.50,23,,,
Cook_A,9/21/2023,1,1,1,1,chaetodon,miliaris,milletseed_butterflyfish,1,3,swim,0,none,none,7.35,7.54,19,,,
Cook_A,9/21/2023,1,1,1,1,chaetodon,miliaris,milletseed_butterflyfish,1,3,foraging,32,substrate,none,7.59,9.20,81,,,
Cook_A,9/21/2023,1,1,1,1,chaetodon,miliaris,milletseed_butterflyfish,1,3,foraging,2,substrate,none,8.01,8.05,4,,,
Cook_A,9/21/2023,1,1,1,1,chaetodon,miliaris,milletseed_butterflyfish,1,2,foraging,2,substrate,none,8.23,8.45,22,,,
Cook_A,9/21/2023,1,1,1,1,thalassoma,duperrey,saddlewrasse,1,2,foraging,1,substrate,none,8.44,9.16,32,,,
Cook_A,9/21/2023,1,1,1,1,chaetodon,miliaris,milletseed_butterflyfish,3,3,foraging,12,substrate,none,8.54,9.23,29,,,
Cook_A,9/21/2023,1,1,1,1,thalassoma,duperrey,saddlewrasse,1,3,swim,0,none,none,9.15,9.17,2,,,
Cook_A,9/21/2023,1,1,1,1,chaetodon,miliaris,milletseed_butterflyfish,3,3,foraging,11,substrate,none,9.55,10.24,29,,,
Cook_A,9/21/2023,1,1,1,1,thalassoma,duperrey,saddlewrasse,1,3,foraging,1,limu,dictyotaspp,10.13,10.30,17,bit on limu 2,,
Cook_A,9/21/2023,1,1,1,1,acanthurus,blochii,ringtail_surgeonfish,13,3,swim,0,none,none,10.15,10.38,23,,,
Cook_A,9/21/2023,1,1,1,1,gomphosus,varius,birdwrasse,2,1,swim,0,none,none,11.02,11.03,1,,,
Cook_A,9/21/2023,1,1,1,1,thalassoma,duperrey,saddlewrasse,2,2,foraging,6,substrate,none,11.10,11.40,30,,,
Cook_A,9/21/2023,1,1,1,1,scarus,psittacus,palenose_parrotfish,9,2,foraging,13,substrate,none,11.15,11.39,24,,,
Cook_A,9/21/2023,1,1,1,1,thalassoma,duperrey,saddlewrasse,1,3,swim,0,none,none,11.28,11.33,5,,,
Cook_A,9/21/2023,1,1,1,1,chaetodon,miliaris,milletseed_butterflyfish,3,3,foraging,4,substrate,none,11.38,12.08,30,,,
Cook_A,9/21/2023,1,1,1,1,thalassoma,duperrey,saddlewrasse,1,2,foraging,1,substrate,none,12.42,12.49,7,end video A2 (4),,
Cook_A,9/21/2023,1,1,1,1,chaetodon,miliaris,milletseed_butterflyfish,3,3,swim,0,none,none,0.00,0.04,4,video A2 (5),,
Cook_A,9/21/2023,1,1,1,1,chaetodon,miliaris,milletseed_butterflyfish,1,3,swim,0,none,none,1.24,1.25,1,,,
Cook_A,9/21/2023,1,1,1,1,mulloidichthys,flavolineatus,yellowstripe_goatfish,1,2,swim,0,none,none,5.43,5.50,7,,,
Cook_A,9/21/2023,1,1,1,1,thalassoma,duperrey,saddlewrasse,1,2,foraging,1,limu,dictyotaspp,5.54,6.07,13,,,
Cook_A,9/21/2023,1,1,1,1,mulloidichthys,flavolineatus,yellowstripe_goatfish,17,3,swim,0,none,none,6.03,6.50,47,,,
Cook_A,9/21/2023,1,1,1,1,acanthurus,blochii,ringtail_surgeonfish,2,1,swim,0,none,none,6.16,6.25,9,,,
Cook_A,9/21/2023,1,1,1,1,chaetodon,miliaris,milletseed_butterflyfish,1,2,foraging,2,substrate,none,6.16,6.23,7,,,
Cook_A,9/21/2023,1,1,1,1,chaetodon,miliaris,milletseed_butterflyfish,3,3,foraging,9,substrate,none,6.21,6.42,21,,,
Cook_A,9/21/2023,1,1,1,1,chaetodon,miliaris,milletseed_butterflyfish,1,3,foraging,5,substrate,none,6.37,6.52,15,,,
Cook_A,9/21/2023,1,1,1,1,chaetodon,miliaris,milletseed_butterflyfish,1,2,foraging,3,substrate,none,6.36,6.45,9,,,
Cook_A,9/21/2023,1,1,1,1,chaetodon,miliaris,milletseed_butterflyfish,1,3,foraging,1,substrate,none,6.45,6.55,10,,,
Cook_A,9/21/2023,1,1,1,1,mulloidichthys,flavolineatus,yellowstripe_goatfish,15,3,swim,0,none,none,7.03,7.24,21,,,
Cook_A,9/21/2023,1,1,1,1,chaetodon,miliaris,milletseed_butterflyfish,1,3,foraging,3,substrate,none,7.06,7.23,17,,,
Cook_A,9/21/2023,1,1,1,1,chaetodon,miliaris,milletseed_butterflyfish,2,1,swim,0,none,none,7.07,7.27,20,,,
Cook_A,9/21/2023,1,1,1,1,thalassoma,duperrey,saddlewrasse,1,2,foraging,2,limu,dictyotaspp,7.46,8.02,16,,,
Cook_A,9/21/2023,1,1,1,1,chaetodon,miliaris,milletseed_butterflyfish,1,3,swim,0,none,none,7.57,8.02,5,,,
Cook_A,9/21/2023,1,1,1,1,chaetodon,miliaris,milletseed_butterflyfish,1,2,foraging,4,substrate,none,7.59,8.27,28,,,
Cook_A,9/21/2023,1,1,1,1,chaetodon,miliaris,milletseed_butterflyfish,1,1,foraging,2,substrate,none,8.06,8.23,17,,,
Cook_A,9/21/2023,1,1,1,1,chaetodon,miliaris,milletseed_butterflyfish,1,3,foraging,2,substrate,none,8.11,8.28,17,,,
Cook_A,9/21/2023,1,1,1,1,mulloidichthys,flavolineatus,yellowstripe_goatfish,13,3,swim,0,none,none,8.34,9.35,61,,,
Cook_A,9/21/2023,1,1,1,1,thalassoma,duperrey,saddlewrasse,1,2,swim,0,none,none,8.59,9.04,5,,,
Cook_A,9/21/2023,1,1,1,1,chaetodon,miliaris,milletseed_butterflyfish,1,3,foraging,9,substrate,none,8.54,9.36,42,,,
Cook_A,9/21/2023,1,1,1,1,chaetodon,miliaris,milletseed_butterflyfish,1,3,foraging,8,substrate,none,9.04,9.22,18,,,
Cook_A,9/21/2023,1,1,1,1,chaetodon,miliaris,milletseed_butterflyfish,4,3,foraging,10,substrate,none,9.10,9.36,26,,,
Cook_A,9/21/2023,1,1,1,1,thalassoma,duperrey,saddlewrasse,1,2,foraging,1,substrate,none,9.23,9.32,9,,,
Cook_A,9/21/2023,1,1,1,1,acanthurus,blochii,ringtail_surgeonfish,45,3,swim,0,none,none,9.22,9.46,24,,,
Cook_A,9/21/2023,1,1,1,1,chaetodon,miliaris,milletseed_butterflyfish,1,3,foraging,8,substrate,none,9.31,9.54,23,,,
Cook_A,9/21/2023,1,1,1,1,mulloidichthys,flavolineatus,yellowstripe_goatfish,12,3,swim,0,none,none,10.09,10.44,35,,,
Cook_A,9/21/2023,1,1,1,1,chaetodon,miliaris,milletseed_butterflyfish,1,2,foraging,4,substrate,none,10.31,10.45,14,,,
Cook_A,9/21/2023,1,1,1,1,thalassoma,duperrey,saddlewrasse,1,2,foraging,2,substrate,none,10.29,10.44,15,,,
Cook_A,9/21/2023,1,1,1,1,scarus,psittacus,palenose_parrotfish,2,1,swim,0,none,none,10.44,10.53,9,,,
Cook_A,9/21/2023,1,1,1,1,chaetodon,miliaris,milletseed_butterflyfish,1,3,foraging,2,substrate,none,10.45,10.55,10,,,
Cook_A,9/21/2023,1,1,1,1,gomphosus,varius,birdwrasse,1,1,swim,0,none,none,10.49,10.54,5,,,
Cook_A,9/21/2023,1,1,1,1,acanthurus,blochii,ringtail_surgeonfish,2,1,swim,0,none,none,11.49,11.53,4,,,
Cook_A,9/21/2023,1,1,1,1,chaetodon,miliaris,milletseed_butterflyfish,1,3,foraging,5,substrate,none,12.12,12.31,19,,,
Cook_A,9/21/2023,1,1,1,1,chaetodon,miliaris,milletseed_butterflyfish,1,2,foraging,19,substrate,none,12.16,12.51,35,,,
Cook_A,9/21/2023,1,1,1,1,thalassoma,duperrey,saddlewrasse,1,2,foraging,2,limu,dictyotaspp,12.24,12.50,26,,,
Cook_A,9/21/2023,1,1,1,1,chaetodon,miliaris,milletseed_butterflyfish,1,3,foraging,3,substrate,none,12.36,12.41,5,end of video A2 (5),,
Cook_A,9/21/2023,1,1,1,1,chaetodon,miliaris,milletseed_butterflyfish,1,3,foraging,7,substrate,none,0.00,0.28,28,video A2 (6),,
Cook_A,9/21/2023,1,1,1,1,chaetodon,miliaris,milletseed_butterflyfish,1,3,foraging,1,substrate,none,0.34,1.12,38,,,
Cook_A,9/21/2023,1,1,1,1,thalassoma,duperrey,saddlewrasse,1,3,foraging,5,both,dictyotaspp,1.44,2.21,37,limu bait 2,,
Cook_A,9/21/2023,1,1,1,1,thalassoma,duperrey,saddlewrasse,1,1,swim,0,none,none,1.52,1.59,7,,,
Cook_A,9/21/2023,1,1,1,1,gomphosus,varius,birdwrasse,2,1,swim,0,none,none,2.08,2.29,21,,,
Cook_A,9/21/2023,1,1,1,1,scarus,psittacus,parrotfish_unidentified,5,1,foraging,11,substrate,none,2.21,2.45,24,,,
Cook_A,9/21/2023,1,1,1,1,chaetodon,miliaris,milletseed_butterflyfish,2,1,foraging,6,substrate,none,2.21,2.49,28,,,
Cook_A,9/21/2023,1,1,1,1,thalassoma,duperrey,saddlewrasse,1,1,foraging,2,substrate,none,2.34,2.45,11,,,
Cook_A,9/21/2023,1,1,1,1,chaetodon,miliaris,milletseed_butterflyfish,2,1,swim,0,none,none,3.09,3.12,3,,,
Cook_A,9/21/2023,1,1,1,1,acanthurus,blochii,ringtail_surgeonfish,2,2,swim,0,none,none,3.34,3.43,9,"end of video survey @ 4:53 ,video A2 (6)",,
Cook_A,9/21/2023,1,1,1,2,chaetodon,miliaris,milletseed_butterflyfish,1,1,foraging,2,substrate,none,7.10,7.14,4,"survey start @ 6:56, video A1 (3)",,
Cook_A,9/21/2023,1,1,1,2,chaetodon,miliaris,milletseed_butterflyfish,1,2,foraging,13,substrate,none,7.13,7.58,45,,,
Cook_A,9/21/2023,1,1,1,2,thalassoma,duperrey,saddlewrasse,2,2,foraging,4,substrate,none,7.12,7.30,18,,,
Cook_A,9/21/2023,1,1,1,2,thalassoma,duperrey,saddlewrasse,1,2,swim,0,none,none,7.20,7.32,12,,,
Cook_A,9/21/2023,1,1,1,2,chaetodon,miliaris,milletseed_butterflyfish,1,2,foraging,2,substrate,none,7.51,7.57,6,,,
Cook_A,9/21/2023,1,1,1,2,chaetodon,miliaris,milletseed_butterflyfish,1,2,foraging,5,substrate,none,8.23,8.34,11,,,
Cook_A,9/21/2023,1,1,1,2,chaetodon,miliaris,milletseed_butterflyfish,1,2,foraging,3,substrate,none,8.24,8.33,9,,,
Cook_A,9/21/2023,1,1,1,2,chaetodon,miliaris,milletseed_butterflyfish,5,4,foraging,23,substrate,none,8.51,9.51,60,,,
Cook_A,9/21/2023,1,1,1,2,mulloidichthys,flavolineatus,yellowstripe_goatfish,1,4,swim,0,none,none,9.56,10.03,7,,,
Cook_A,9/21/2023,1,1,1,2,chaetodon,miliaris,milletseed_butterflyfish,1,4,foraging,13,substrate,none,10.20,10.57,37,,,
Cook_A,9/21/2023,1,1,1,2,chaetodon,miliaris,milletseed_butterflyfish,1,4,foraging,23,both,padinaspp,11.06,12.33,87,one bite on limu bait 3,,
Cook_A,9/21/2023,1,1,1,2,thalassoma,duperrey,saddlewrasse,1,3,swim,0,none,none,11.20,11.29,9,,,
Cook_A,9/21/2023,1,1,1,2,thalassoma,duperrey,saddlewrasse,1,4,swim,0,none,none,11.37,11.52,15,,,
Cook_A,9/21/2023,1,1,1,2,chaetodon,miliaris,milletseed_butterflyfish,1,4,foraging,16,substrate,none,11.32,12.15,43,,,
Cook_A,9/21/2023,1,1,1,2,chaetodon,miliaris,milletseed_butterflyfish,1,3,foraging,1,substrate,none,12.30,12.43,13,end of video A1 (3),,
Cook_A,9/21/2023,1,1,1,2,chaetodon,miliaris,milletseed_butterflyfish,1,3,foraging,4,substrate,none,0.10,0.17,7,video A1 (4),,
Cook_A,9/21/2023,1,1,1,2,chaetodon,miliaris,milletseed_butterflyfish,1,3,foraging,8,substrate,none,0.15,0.53,38,,,
Cook_A,9/21/2023,1,1,1,2,chaetodon,miliaris,milletseed_butterflyfish,3,4,foraging,34,substrate,none,1.21,3.51,150,,,
Cook_A,9/21/2023,1,1,1,2,mulloidichthys,flavolineatus,yellowstripe_goatfish,12,4,swim,0,none,none,2.01,2.19,18,,,
Cook_A,9/21/2023,1,1,1,2,gomphosus,varius,birdwrasse,1,3,swim,0,none,none,2.01,2.02,1,,,
Cook_A,9/21/2023,1,1,1,2,acanthurus,blochii,ringtail_surgeonfish,16,4,swim,0,none,none,2.11,2.31,20,,,
Cook_A,9/21/2023,1,1,1,2,mulloidichthys,flavolineatus,yellowstripe_goatfish,6,4,swim,0,none,none,2.42,3.23,41,,,
Cook_A,9/21/2023,1,1,1,2,acanthurus,blochii,ringtail_surgeonfish,12,4,foraging,6,substrate,none,3.16,3.56,40,,,
Cook_A,9/21/2023,1,1,1,2,mulloidichthys,flavolineatus,yellowstripe_goatfish,6,4,swim,0,none,none,4.12,4.30,18,,,
Cook_A,9/21/2023,1,1,1,2,chaetodon,miliaris,milletseed_butterflyfish,3,4,foraging,12,substrate,none,4.14,4.57,43,,,
Cook_A,9/21/2023,1,1,1,2,acanthurus,blochii,ringtail_surgeonfish,12,4,swim,0,none,none,4.17,5.10,53,,,
Cook_A,9/21/2023,1,1,1,2,mulloidichthys,flavolineatus,yellowstripe_goatfish,4,4,swim,0,none,none,5.08,5.15,7,,,
Cook_A,9/21/2023,1,1,1,2,mulloidichthys,flavolineatus,yellowstripe_goatfish,5,4,swim,0,none,none,5.28,5.33,5,,,
Cook_A,9/21/2023,1,1,1,2,chaetodon,miliaris,milletseed_butterflyfish,1,4,foraging,6,substrate,none,6.14,6.23,9,,,
Cook_A,9/21/2023,1,1,1,2,thalassoma,duperrey,saddlewrasse,1,4,swim,0,none,none,6.59,7.02,3,,,
Cook_A,9/21/2023,1,1,1,2,chaetodon,miliaris,milletseed_butterflyfish,1,4,foraging,8,substrate,none,7.38,8.10,32,,,
Cook_A,9/21/2023,1,1,1,2,chaetodon,miliaris,milletseed_butterflyfish,1,4,foraging,20,substrate,none,7.45,8.38,53,,,
Cook_A,9/21/2023,1,1,1,2,chaetodon,miliaris,milletseed_butterflyfish,1,4,foraging,8,substrate,none,8.35,9.02,27,,,
Cook_A,9/21/2023,1,1,1,2,chaetodon,miliaris,milletseed_butterflyfish,1,3,foraging,18,substrate,none,9.01,9.58,57,,,
Cook_A,9/21/2023,1,1,1,2,chaetodon,miliaris,milletseed_butterflyfish,1,4,foraging,25,substrate,none,9.38,10.27,49,,,
Cook_A,9/21/2023,1,1,1,2,chaetodon,miliaris,milletseed_butterflyfish,1,3,swim,0,none,none,9.58,10.02,4,,,
Cook_A,9/21/2023,1,1,1,2,mulloidichthys,flavolineatus,yellowstripe_goatfish,8,4,swim,0,none,none,10.08,10.26,18,,,
Cook_A,9/21/2023,1,1,1,2,chaetodon,miliaris,milletseed_butterflyfish,1,4,swim,0,none,none,10.43,10.46,3,,,
Cook_A,9/21/2023,1,1,1,2,thalassoma,duperrey,saddlewrasse,1,3,swim,0,none,none,10.54,10.56,2,,,
Cook_A,9/21/2023,1,1,1,2,chaetodon,miliaris,milletseed_butterflyfish,1,4,foraging,39,substrate,none,10.56,12.51,115,,,
Cook_A,9/21/2023,1,1,1,2,chaetodon,miliaris,milletseed_butterflyfish,1,4,swim,0,none,none,11.07,11.09,2,,,
Cook_A,9/21/2023,1,1,1,2,chaetodon,miliaris,milletseed_butterflyfish,1,3,swim,0,none,none,11.18,11.22,4,,,
Cook_A,9/21/2023,1,1,1,2,chaetodon,miliaris,milletseed_butterflyfish,1,4,foraging,13,substrate,none,11.49,12.47,58,,,
Cook_A,9/21/2023,1,1,1,2,chaetodon,miliaris,milletseed_butterflyfish,1,3,foraging,12,substrate,none,11.52,12.23,31,,,
Cook_A,9/21/2023,1,1,1,2,chaetodon,miliaris,milletseed_butterflyfish,1,3,swim,0,none,none,11.58,12.17,19,,,
Cook_A,9/21/2023,1,1,1,2,thalassoma,duperrey,saddlewrasse,1,3,swim,0,none,none,12.18,12.23,5,,,
Cook_A,9/21/2023,1,1,1,2,thalassoma,duperrey,saddlewrasse,1,3,swim,0,none,none,12.44,12.47,3,end video A1 (4),,
Cook_A,9/21/2023,1,1,1,2,chaetodon,miliaris,milletseed_butterflyfish,1,4,foraging,31,substrate,none,0.51,1.57,66,video A1 (5),,
Cook_A,9/21/2023,1,1,1,2,chaetodon,miliaris,milletseed_butterflyfish,2,4,foraging,21,substrate,none,0.32,1.17,45,,,
Cook_A,9/21/2023,1,1,1,2,thalassoma,duperrey,saddlewrasse,1,4,foraging,4,both,dictyotaspp,1.03,1.36,33,bit on limu bait 4,,
Cook_A,9/21/2023,1,1,1,2,chaetodon,miliaris,milletseed_butterflyfish,1,4,foraging,4,both,dictyotaspp,1.48,2.02,14,bit on limu bait 4,,
Cook_A,9/21/2023,1,1,1,2,thalassoma,duperrey,saddlewrasse,2,2,foraging,3,substrate,none,1.52,2.08,16,,,
Cook_A,9/21/2023,1,1,1,2,scaridae,unidentified,parrotfish_unidentified,9,2,foraging,4,substrate,none,1.57,2.18,21,,,
Cook_A,9/21/2023,1,1,1,2,chaetodon,miliaris,milletseed_butterflyfish,4,4,foraging,15,substrate,none,2.15,2.44,29,,,
Cook_A,9/21/2023,1,1,1,2,thalassoma,duperrey,saddlewrasse,1,3,swim,0,none,none,3.19,3.20,1,,,
Cook_A,9/21/2023,1,1,1,2,chaetodon,miliaris,milletseed_butterflyfish,3,4,foraging,3,substrate,none,3.24,3.34,10,,,
Cook_A,9/21/2023,1,1,1,2,chaetodon,miliaris,milletseed_butterflyfish,1,4,foraging,10,substrate,none,4.19,5.17,58,,,
Cook_A,9/21/2023,1,1,1,2,mulloidichthys,flavolineatus,yellowstripe_goatfish,10,4,swim,0,none,none,9.37,10.15,38,,,
Cook_A,9/21/2023,1,1,1,2,chaetodon,miliaris,milletseed_butterflyfish,2,4,foraging,19,substrate,none,9.53,10.36,43,,,
Cook_A,9/21/2023,1,1,1,2,chaetodon,miliaris,milletseed_butterflyfish,1,3,swim,0,none,none,9.59,10.07,8,,,
Cook_A,9/21/2023,1,1,1,2,chaetodon,miliaris,milletseed_butterflyfish,1,3,swim,0,none,none,10.32,10.39,7,,,
Cook_A,9/21/2023,1,1,1,2,mulloidichthys,flavolineatus,yellowstripe_goatfish,12,4,swim,0,none,none,10.30,11.19,49,,,
Cook_A,9/21/2023,1,1,1,2,chaetodon,miliaris,milletseed_butterflyfish,1,4,swim,0,none,none,11.04,11.07,3,,,
Cook_A,9/21/2023,1,1,1,2,chaetodon,miliaris,milletseed_butterflyfish,1,4,foraging,6,substrate,none,11.31,11.48,17,,,
Cook_A,9/21/2023,1,1,1,2,chaetodon,miliaris,milletseed_butterflyfish,2,4,foraging,9,substrate,none,11.33,11.49,16,,,
Cook_A,9/21/2023,1,1,1,2,thalassoma,duperrey,saddlewrasse,1,4,swim,0,none,none,11.46,11.57,11,,,
Cook_A,9/21/2023,1,1,1,2,mulloidichthys,flavolineatus,yellowstripe_goatfish,10,4,swim,0,none,none,12.02,12.33,31,,,
Cook_A,9/21/2023,1,1,1,2,chaetodon,miliaris,milletseed_butterflyfish,1,4,swim,0,none,none,12.09,12.12,3,,,
Cook_A,9/21/2023,1,1,1,2,chaetodon,miliaris,milletseed_butterflyfish,2,4,foraging,12,substrate,none,12.18,12.51,33,end of video A1 (5),,
Cook_A,9/21/2023,1,1,1,2,chaetodon,miliaris,milletseed_butterflyfish,3,3,swim,0,none,none,0.00,0.11,11,video A1 (6),,
Cook_A,9/21/2023,1,1,1,2,chaetodon,miliaris,milletseed_butterflyfish,1,4,foraging,5,substrate,none,0.00,0.27,27,,,
Cook_A,9/21/2023,1,1,1,2,mulloidichthys,flavolineatus,yellowstripe_goatfish,6,4,swim,0,none,none,0.00,0.13,13,,,
Cook_A,9/21/2023,1,1,1,2,acanthurus,blochii,ringtail_surgeonfish,33,4,swim,0,none,none,0.06,0.36,30,,,
Cook_A,9/21/2023,1,1,1,2,mulloidichthys,flavolineatus,yellowstripe_goatfish,6,4,swim,0,none,none,1.11,1.23,12,,,
Cook_A,9/21/2023,1,1,1,2,thalassoma,duperrey,saddlewrasse,1,2,swim,0,none,none,1.10,1.21,11,,,
Cook_A,9/21/2023,1,1,1,2,chaetodon,miliaris,milletseed_butterflyfish,1,2,foraging,2,substrate,none,1.13,1.24,11,,,
Cook_A,9/21/2023,1,1,1,2,chaetodon,miliaris,milletseed_butterflyfish,1,3,foraging,3,substrate,none,1.17,1.34,17,,,
Cook_A,9/21/2023,1,1,1,2,gomphosus,varius,birdwrasse,1,2,swim,0,none,none,1.31,1.32,1,,,
Cook_A,9/21/2023,1,1,1,2,chaetodon,miliaris,milletseed_butterflyfish,1,3,foraging,13,substrate,none,3.03,3.26,23,,,
Cook_A,9/21/2023,1,1,1,2,chaetodon,miliaris,milletseed_butterflyfish,1,3,foraging,28,substrate,none,2.59,3.51,52,,,
Cook_A,9/21/2023,1,1,1,2,thalassoma,duperrey,saddlewrasse,1,3,swim,0,none,none,3.06,3.14,8,,,
Cook_A,9/21/2023,1,1,1,2,chaetodon,miliaris,milletseed_butterflyfish,1,3,foraging,3,substrate,none,3.16,3.21,5,,,
Cook_A,9/21/2023,1,1,1,2,chaetodon,miliaris,milletseed_butterflyfish,1,3,foraging,2,substrate,none,4.07,4.28,21,,,
Cook_A,9/21/2023,1,1,1,2,chaetodon,miliaris,milletseed_butterflyfish,1,4,swim,0,none,none,4.47,4.49,2,,,
Cook_A,9/21/2023,1,1,1,2,chaetodon,miliaris,milletseed_butterflyfish,1,4,foraging,10,substrate,none,5.19,5.54,35,,,
Cook_A,9/21/2023,1,1,1,2,thalassoma,duperrey,saddlewrasse,1,3,foraging,4,both,none,5.39,6.07,28,,,
Cook_A,9/21/2023,1,1,1,2,gomphosus,varius,birdwrasse,1,2,swim,0,none,none,5.40,6.09,29,,,
Cook_A,9/21/2023,1,1,1,2,scaridae,unidentified,parrotfish_unidentified,6,2,foraging,4,substrate,none,5.49,6.14,25,,,
Cook_A,9/21/2023,1,1,1,2,chaetodon,miliaris,milletseed_butterflyfish,1,3,foraging,3,substrate,none,6.08,6.33,25,,,
Cook_A,9/21/2023,1,1,1,2,chaetodon,miliaris,milletseed_butterflyfish,1,3,foraging,2,substrate,none,6.29,6.41,12,"survey end @ 8:23, video A1 (6)",,
Cook_A,9/21/2023,1,1,1,3,mulloidichthys,flavolineatus,yellowstripe_goatfish,11,6,swim,0,none,none,0.58,1.09,11,"survey start @ 6:26, video A3 (2), no fish",,video A3 (3)
Cook_A,9/21/2023,1,1,1,3,acanthurus,blochii,ringtail_surgeonfish,14,6,swim,0,none,none,1.04,1.20,16,,,
Cook_A,9/21/2023,1,1,1,3,mulloidichthys,flavolineatus,yellowstripe_goatfish,10,6,swim,0,none,none,1.37,2.19,42,,,
Cook_A,9/21/2023,1,1,1,3,chaetodon,miliaris,milletseed_butterflyfish,1,6,foraging,25,substrate,none,2.15,3.12,57,,,
Cook_A,9/21/2023,1,1,1,3,acanthurus,blochii,ringtail_surgeonfish,20,6,foraging,12,substrate,none,2.22,2.57,35,,,
Cook_A,9/21/2023,1,1,1,3,mulloidichthys,flavolineatus,yellowstripe_goatfish,7,6,swim,0,none,none,2.33,2.41,8,,,
Cook_A,9/21/2023,1,1,1,3,chaetodon,miliaris,milletseed_butterflyfish,1,6,foraging,6,substrate,none,2.48,3.04,16,,,
Cook_A,9/21/2023,1,1,1,3,mulloidichthys,flavolineatus,yellowstripe_goatfish,8,6,swim,0,none,none,2.58,3.29,31,,,
Cook_A,9/21/2023,1,1,1,3,acanthurus,blochii,ringtail_surgeonfish,24,6,foraging,8,substrate,none,3.06,4.03,57,,,
Cook_A,9/21/2023,1,1,1,3,mulloidichthys,flavolineatus,yellowstripe_goatfish,6,6,swim,0,none,none,3.56,4.02,6,,,
Cook_A,9/21/2023,1,1,1,3,mulloidichthys,flavolineatus,yellowstripe_goatfish,10,6,swim,0,none,none,4.22,4.51,29,,,
Cook_A,9/21/2023,1,1,1,3,acanthurus,blochii,ringtail_surgeonfish,9,6,swim,0,none,none,4.42,4.58,16,,,
Cook_A,9/21/2023,1,1,1,3,mulloidichthys,flavolineatus,yellowstripe_goatfish,8,6,swim,0,none,none,5.06,5.17,11,,,
Cook_A,9/21/2023,1,1,1,3,thalassoma,duperrey,saddlewrasse,1,6,swim,0,none,none,5.56,6.03,7,,,
Cook_A,9/21/2023,1,1,1,3,mulloidichthys,flavolineatus,yellowstripe_goatfish,11,6,swim,0,none,none,6.28,6.51,23,,,
Cook_A,9/21/2023,1,1,1,3,acanthurus,blochii,ringtail_surgeonfish,1,6,foraging,17,substrate,none,6.36,7.09,33,,,
Cook_A,9/21/2023,1,1,1,3,chaetodon,miliaris,milletseed_butterflyfish,2,6,foraging,3,substrate,none,7.04,7.08,4,,,
Cook_A,9/21/2023,1,1,1,3,thalassoma,duperrey,saddlewrasse,1,6,swim,0,none,none,7.05,7.07,2,,,
Cook_A,9/21/2023,1,1,1,3,chaetodon,miliaris,milletseed_butterflyfish,1,6,foraging,27,substrate,none,7.50,8.37,47,,,
Cook_A,9/21/2023,1,1,1,3,chaetodon,miliaris,milletseed_butterflyfish,1,6,foraging,22,substrate,none,7.57,8.26,29,,,
Cook_A,9/21/2023,1,1,1,3,chaetodon,miliaris,milletseed_butterflyfish,1,6,foraging,7,substrate,none,8.54,9.08,14,,,
Cook_A,9/21/2023,1,1,1,3,mulloidichthys,flavolineatus,yellowstripe_goatfish,8,6,swim,0,none,none,8.58,9.14,16,,,
Cook_A,9/21/2023,1,1,1,3,chaetodon,miliaris,milletseed_butterflyfish,1,6,foraging,24,substrate,none,8.59,9.48,49,,,
Cook_A,9/21/2023,1,1,1,3,chaetodon,miliaris,milletseed_butterflyfish,1,6,foraging,5,substrate,none,11.07,11.19,12,,,
Cook_A,9/21/2023,1,1,1,3,chaetodon,miliaris,milletseed_butterflyfish,1,6,foraging,3,substrate,none,11.08,11.15,7,,,
Cook_A,9/21/2023,1,1,1,3,acanthurus,blochii,ringtail_surgeonfish,2,6,swim,0,none,none,11.13,11.26,13,,,
Cook_A,9/21/2023,1,1,1,3,chaetodon,miliaris,milletseed_butterflyfish,2,5,foraging,5,substrate,none,12.45,12.51,6,end of video A3 (3),,
Cook_A,9/21/2023,1,1,1,3,chaetodon,miliaris,milletseed_butterflyfish,1,6,foraging,27,substrate,none,0.00,1.11,71,video A3 (4),,
Cook_A,9/21/2023,1,1,1,3,chaetodon,miliaris,milletseed_butterflyfish,1,6,foraging,25,substrate,none,0.10,0.57,47,,,
Cook_A,9/21/2023,1,1,1,3,chaetodon,miliaris,milletseed_butterflyfish,2,5,foraging,5,substrate,none,0.51,1.08,17,,,
Cook_A,9/21/2023,1,1,1,3,chaetodon,miliaris,milletseed_butterflyfish,1,5,foraging,1,substrate,none,0.57,1.05,8,,,
Cook_A,9/21/2023,1,1,1,3,dascyllus,albisella,hawaiiandascyllus,1,6,swim,0,none,none,2.45,3.03,18,,,
Cook_A,9/21/2023,1,1,1,3,chaetodon,miliaris,milletseed_butterflyfish,1,5,foraging,3,substrate,none,3.26,3.34,8,,,
Cook_A,9/21/2023,1,1,1,3,dascyllus,albisella,hawaiiandascyllus,1,6,swim,0,none,none,7.54,8.32,38,,,
Cook_A,9/21/2023,1,1,1,3,mulloidichthys,flavolineatus,yellowstripe_goatfish,7,6,swim,0,none,none,8.32,8.38,6,,,
Cook_A,9/21/2023,1,1,1,3,mulloidichthys,flavolineatus,yellowstripe_goatfish,13,6,swim,0,none,none,8.51,10.16,85,,,
Cook_A,9/21/2023,1,1,1,3,acanthurus,blochii,ringtail_surgeonfish,1,6,swim,0,none,none,9.30,9.38,8,,,
Cook_A,9/21/2023,1,1,1,3,thalassoma,duperrey,saddlewrasse,1,6,swim,0,none,none,9.29,9.31,2,,,
Cook_A,9/21/2023,1,1,1,3,dascyllus,albisella,hawaiiandascyllus,1,6,swim,0,none,none,10.21,10.26,5,,,
Cook_A,9/21/2023,1,1,1,3,mulloidichthys,flavolineatus,yellowstripe_goatfish,16,6,swim,0,none,none,10.38,11.55,17,,,
Cook_A,9/21/2023,1,1,1,3,chaetodon,miliaris,milletseed_butterflyfish,1,6,foraging,16,substrate,none,10.37,11.06,29,,,
Cook_A,9/21/2023,1,1,1,3,chaetodon,miliaris,milletseed_butterflyfish,1,6,foraging,13,substrate,none,10.42,11.13,31,,,
Cook_A,9/21/2023,1,1,1,3,acanthurus,blochii,ringtail_surgeonfish,29,6,foraging,4,substrate,none,11.47,12.39,52,,,
Cook_A,9/21/2023,1,1,1,3,dascyllus,albisella,hawaiiandascyllus,4,6,swim,0,none,none,12.08,12.51,43,end of video A3 (4),,
Cook_A,9/21/2023,1,1,1,3,mulloidichthys,flavolineatus,yellowstripe_goatfish,9,6,swim,0,none,none,0.00,0.17,17,video A3 (5),,
Cook_A,9/21/2023,1,1,1,3,chaetodon,miliaris,milletseed_butterflyfish,1,5,swim,0,none,none,0.10,0.14,4,,,
Cook_A,9/21/2023,1,1,1,3,acanthurus,blochii,ringtail_surgeonfish,7,6,swim,0,none,none,0.31,0.50,19,,,
Cook_A,9/21/2023,1,1,1,3,dascyllus,albisella,hawaiiandascyllus,3,6,swim,0,none,none,0.53,3.23,150,,,
Cook_A,9/21/2023,1,1,1,3,dascyllus,albisella,hawaiiandascyllus,1,6,swim,0,none,none,3.54,7.50,236,"survey end @ 7:52, video A3 (5)",,
Cook_A,9/29/2023,2,2,1,1,bothus,pantherinus,panther_flounder,1,2,swim,0,none,none,10.09,11.27,78,"survey starts @ 10:08, video A1 (2), no fish",,"video A1 (3), flounder near blue marker"
Cook_A,9/29/2023,2,2,1,1,bothus,pantherinus,panther_flounder,1,1,swim,0,none,none,12.17,12.51,34,,,
Cook_A,9/29/2023,2,2,1,1,bothus,pantherinus,panther_flounder,1,3,swim,0,none,none,0.00,0.46,46,"video A1 (4), flounder near blue marker","survey ended @ 11:35, video A1 (5), no fish in video",
Cook_A,9/29/2023,2,2,1,2,bothus,pantherinus,panther_flounder,1,4,swim,0,none,none,8.49,11.04,135,"survey start @ 10:01, video A2 (2), no fish",video A2 (3) flounder starts at yellow marker,
Cook_A,9/29/2023,2,2,1,2,bothus,pantherinus,panther_flounder,1,4,swim,0,none,none,11.47,12.51,64,end video A2 (3),,
Cook_A,9/29/2023,2,2,1,2,bothus,pantherinus,panther_flounder,1,3,swim,0,none,none,0.00,0.09,9,video A2 (4),,
Cook_A,9/29/2023,2,2,1,2,bothus,pantherinus,panther_flounder,1,4,swim,0,none,none,0.26,0.53,27,end video A2 (4),,
Cook_A,9/29/2023,2,2,1,2,bothus,pantherinus,panther_flounder,1,4,swim,0,none,none,2.49,9.15,386,"video A2 (5), flounder on far side near blue marker","survey ended @ 11:28, video A2 (5)",
Cook_A,9/29/2023,2,2,1,3,bothus,pantherinus,panther_flounder,1,6,swim,0,none,none,1.33,7.18,345,"survey starts @ 8:28, video A3 (2), no fish",,
Cook_A,9/29/2023,2,2,1,3,bothus,pantherinus,panther_flounder,1,5,swim,0,none,none,7.48,8.45,57,"video A3 (4), no fish","survey ended @ 9:55, video A3 (5), flounder at end near red marker",
Cook_A,9/29/2023,2,2,2,1,canthigaster,jactator,hawaiianwhitespottedpuffer,1,1,foraging,5,substrate,none,2.14,2.32,18,"survey start @ 0:52, video B1 (3)",,
Cook_A,9/29/2023,2,2,2,1,thalassoma,duperrey,saddlewrasse,1,1,foraging,2,substrate,none,3.38,4.09,31,,,
Cook_A,9/29/2023,2,2,2,1,thalassoma,duperrey,saddlewrasse,1,1,foraging,1,substrate,none,10.38,11.02,24,,,
Cook_A,9/29/2023,2,2,2,1,thalassoma,duperrey,saddlewrasse,2,1,foraging,2,substrate,none,10.55,11.21,26,end video B1 (3),,
Cook_A,9/29/2023,2,2,2,1,thalassoma,duperrey,saddlewrasse,1,1,foraging,3,substrate,none,0.02,0.31,29,video B1 (4),,
Cook_A,9/29/2023,2,2,2,1,thalassoma,duperrey,saddlewrasse,1,1,swim,0,none,none,0.46,0.51,5,,,
Cook_A,9/29/2023,2,2,2,1,scaridae,unidentified,parrotfish_unidentified,38,1,foraging,9,substrate,none,3.16,3.46,30,,,
Cook_A,9/29/2023,2,2,2,1,acanthuridae,unidentified,surgeonfish_unidentified,1,1,swim,0,none,none,3.22,3.36,14,,,
Cook_A,9/29/2023,2,2,2,1,thalassoma,duperrey,saddlewrasse,1,1,foraging,4,substrate,none,3.20,3.46,26,,,
Cook_A,9/29/2023,2,2,2,1,scaridae,unidentified,parrotfish_unidentified,58,1,swim,0,none,none,4.13,5.09,56,,,
Cook_A,9/29/2023,2,2,2,1,scaridae,unidentified,parrotfish_unidentified,9,1,foraging,3,substrate,none,8.30,9.40,70,,,
Cook_A,9/29/2023,2,2,2,1,thalassoma,duperrey,saddlewrasse,1,1,foraging,1,substrate,none,8.31,9.00,29,,,
Cook_A,9/29/2023,2,2,2,1,scaridae,unidentified,parrotfish_unidentified,6,1,foraging,0,substrate,none,9.56,10.19,23,unable to see forgaing,,
Cook_A,9/29/2023,2,2,2,1,thalassoma,duperrey,saddlewrasse,1,1,swim,0,none,none,10.18,10.24,6,,,
Cook_A,9/29/2023,2,2,2,1,thalassoma,duperrey,saddlewrasse,1,1,swim,0,none,none,10.45,10.47,2,,,
Cook_A,9/29/2023,2,2,2,1,scaridae,unidentified,parrotfish_unidentified,70,3,swim,0,none,none,11.08,12.07,59,,,
Cook_A,9/29/2023,2,2,2,1,acanthuridae,unidentified,surgeonfish_unidentified,6,3,swim,0,none,none,11.28,12.07,39,,,
Cook_A,9/29/2023,2,2,2,1,zebrasoma,flavescens,yellowtang,1,3,swim,0,none,none,11.35,12.07,32,,,
Cook_A,9/29/2023,2,2,2,1,acanthurus,blochii,ringtail_surgeonfish,2,3,swim,0,none,none,11.35,12.07,32,,,
Cook_A,9/29/2023,2,2,2,1,thalassoma,duperrey,saddlewrasse,1,1,swim,0,none,none,11.12,11.15,3,,,
Cook_A,9/29/2023,2,2,2,1,thalassoma,duperrey,saddlewrasse,1,3,swim,0,none,none,11.46,12.06,20,end of video B1 (4),,
Cook_A,9/29/2023,2,2,2,1,thalassoma,duperrey,saddlewrasse,1,2,foraging,1,substrate,none,4.18,4.39,21,video B1 (5),,
Cook_A,9/29/2023,2,2,2,1,thalassoma,duperrey,saddlewrasse,1,1,swim,0,none,none,4.18,4.25,7,,,
Cook_A,9/29/2023,2,2,2,1,thalassoma,duperrey,saddlewrasse,1,1,foraging,1,substrate,none,5.23,5.34,11,,,
Cook_A,9/29/2023,2,2,2,1,scaridae,unidentified,parrotfish_unidentified,4,1,foraging,5,substrate,none,5.26,5.41,15,end of video B1 (5),,
Cook_A,9/29/2023,2,2,2,1,scaridae,unidentified,parrotfish_unidentified,7,1,foraging,0,substrate,none,0.35,0.56,21,unable to see individual fish foraging,,
Cook_A,9/29/2023,2,2,2,1,gomphosus,varius,birdwrasse,1,1,swim,0,none,none,0.43,0.49,6,,,
Cook_A,9/29/2023,2,2,2,1,scaridae,unidentified,parrotfish_unidentified,7,1,foraging,15,substrate,none,1.06,1.47,41,,,
Cook_A,9/29/2023,2,2,2,1,thalassoma,duperrey,saddlewrasse,1,1,foraging,9,substrate,none,1.05,1.37,32,,,
Cook_A,9/29/2023,2,2,2,1,acanthuridae,unidentified,surgeonfish_unidentified,1,1,swim,0,none,none,1.15,1.18,3,"end of survey @ 2:19, video B1 (6)",,
Cook_A,9/29/2023,2,2,2,2,thalassoma,duperrey,saddlewrasse,1,1,swim,0,none,none,2.42,3.11,29,"survey start @ 12:30, B2 (2), no fish",video B2 (3),
Cook_A,9/29/2023,2,2,2,2,thalassoma,duperrey,saddlewrasse,1,1,swim,0,none,none,9.48,9.57,9,,,
Cook_A,9/29/2023,2,2,2,2,thalassoma,duperrey,saddlewrasse,1,1,foraging,1,substrate,none,12.19,12.30,11,,,
Cook_A,9/29/2023,2,2,2,2,scaridae,unidentified,parrotfish_unidentified,35,2,foraging,10,substrate,none,2.24,3.12,48,video B2 (4),,
Cook_A,9/29/2023,2,2,2,2,thalassoma,duperrey,saddlewrasse,2,2,foraging,4,substrate,none,2.28,2.54,26,,,
Cook_A,9/29/2023,2,2,2,2,acanthuridae,unidentified,surgeonfish_unidentified,1,2,swim,0,none,none,2.29,2.34,5,,,
Cook_A,9/29/2023,2,2,2,2,scaridae,unidentified,parrotfish_unidentified,11,2,swim,0,none,none,7.39,8.13,34,,,
Cook_A,9/29/2023,2,2,2,2,thalassoma,duperrey,saddlewrasse,1,1,foraging,1,substrate,none,7.40,8.08,28,,,
Cook_A,9/29/2023,2,2,2,2,thalassoma,duperrey,saddlewrasse,1,1,swim,0,none,none,9.27,9.32,5,,,
Cook_A,9/29/2023,2,2,2,2,scarus,psittacus,palenose_parrotfish,52,4,swim,0,none,none,10.17,11.11,54,,,
Cook_A,9/29/2023,2,2,2,2,acanthuridae,unidentified,surgeonfish_unidentified,5,4,swim,0,none,none,10.33,10.49,16,,,
Cook_A,9/29/2023,2,2,2,2,zebrasoma,flavescens,yellowtang,1,4,swim,0,none,none,10.42,10.49,7,,,
Cook_A,9/29/2023,2,2,2,2,acanthurus,blochii,ringtail_surgeonfish,2,4,swim,0,none,none,10.42,11.11,29,,,
Cook_A,9/29/2023,2,2,2,2,thalassoma,duperrey,saddlewrasse,1,3,swim,0,none,none,10.57,11.13,16,end of video B2 (4),,
Cook_A,9/29/2023,2,2,2,2,thalassoma,duperrey,saddlewrasse,1,2,swim,0,none,none,3.25,3.27,2,video B2 (5),,
Cook_A,9/29/2023,2,2,2,2,thalassoma,duperrey,saddlewrasse,1,3,foraging,1,substrate,none,3.25,3.45,20,,,
Cook_A,9/29/2023,2,2,2,2,scaridae,unidentified,parrotfish_unidentified,4,1,foraging,6,substrate,none,4.35,4.44,9,end of video B2 (5),,
Cook_A,9/29/2023,2,2,2,2,thalassoma,duperrey,saddlewrasse,1,2,foraging,2,substrate,none,0.14,0.42,28,,,
Cook_A,9/29/2023,2,2,2,2,scaridae,unidentified,parrotfish_unidentified,6,2,foraging,10,substrate,none,0.14,0.48,34,"end of survey @ 1:06, video B2 (6)",,
Cook_A,9/29/2023,2,2,2,3,scaridae,unidentified,parrotfish_unidentified,30,5,swim,0,none,none,11.04,11.32,28,"video B3 (3), no fish",video B3 (4),
Cook_A,9/29/2023,2,2,2,3,acanthuridae,unidentified,surgeonfish_unidentified,3,5,swim,0,none,none,11.07,11.10,3,,,
Cook_A,9/29/2023,2,2,2,3,zebrasoma,flavescens,yellowtang,1,5,swim,0,none,none,11.09,11.10,1,,,
Cook_A,9/29/2023,2,2,2,3,thalassoma,duperrey,saddlewrasse,1,4,swim,0,none,none,11.25,11.32,7,end of video B3 (4),,
Cook_A,9/29/2023,2,2,2,3,thalassoma,duperrey,saddlewrasse,1,3,swim,0,none,none,3.57,4.05,8,video B3 (5),end of video B3 (5),"end of survey @ 1:27, video B3 (6)"
Cook_A,11/03/2023,1,2,1,1,thalassoma,duperrey,saddlewrasse,1,2,swim,0,none,none,10.22,10.31,9,"survey start @ 9:10, last disturbance @ 4:10, video A1 (2)",,
Cook_A,11/03/2023,1,2,1,1,thalassoma,duperrey,saddlewrasse,1,2,swim,0,none,none,12.14,12.22,8,end video A1 (2),,
Cook_A,11/03/2023,1,2,1,1,thalassoma,duperrey,saddlewrasse,1,2,swim,0,none,none,0.32,0.47,15,video A1 (3),,
Cook_A,11/03/2023,1,2,1,1,thalassoma,duperrey,saddlewrasse,1,3,swim,0,none,none,1.03,1.10,7,,,
Cook_A,11/03/2023,1,2,1,1,thalassoma,duperrey,saddlewrasse,1,3,swim,0,none,none,2.13,2.18,5,,,
Cook_A,11/03/2023,1,2,1,1,thalassoma,duperrey,saddlewrasse,1,3,swim,0,none,none,2.25,2.42,17,,,
Cook_A,11/03/2023,1,2,1,1,thalassoma,duperrey,saddlewrasse,1,1,swim,0,none,none,4.43,4.55,12,,,
Cook_A,11/03/2023,1,2,1,1,diodon,hystrix,spotted_porcupinefish,1,1,swim,0,none,none,3.23,3.27,4,end video A1 (3),,
Cook_A,11/03/2023,1,2,1,1,chaetodon,auriga,threadfin_butterflyfish,2,1,swim,0,none,none,7.54,8.07,13,video A1 (4),,
Cook_A,11/03/2023,1,2,1,1,gymnothorax,unidentified,eel_unidentified,1,1,swim,0,none,none,7.55,8.08,13,,,
Cook_A,11/03/2023,1,2,1,1,thalassoma,duperrey,saddlewrasse,1,1,swim,0,none,none,7.56,8.03,7,,,
Cook_A,11/03/2023,1,2,1,1,thalassoma,duperrey,saddlewrasse,1,1,swim,0,none,none,8.03,8.28,25,end video A1 (4),,
Cook_A,11/03/2023,1,2,1,1,thalassoma,duperrey,saddlewrasse,1,2,swim,0,none,none,0.04,0.16,12,video A1 (5),,
Cook_A,11/03/2023,1,2,1,1,thalassoma,duperrey,saddlewrasse,1,1,swim,0,none,none,3.25,3.29,4,,,
Cook_A,11/03/2023,1,2,1,1,thalassoma,duperrey,saddlewrasse,1,2,swim,0,none,none,6.51,6.57,6,"end of survey @ 10:38, video A1 (5)",,
Cook_A,11/03/2023,1,2,1,2,thalassoma,duperrey,saddlewrasse,1,3,swim,0,none,none,5.27,5.35,8,"survey start @ 7:26, video A2 (1)",,
Cook_A,11/03/2023,1,2,1,2,thalassoma,duperrey,saddlewrasse,1,4,swim,0,none,none,6.30,7.12,42,,,
Cook_A,11/03/2023,1,2,1,2,thalassoma,duperrey,saddlewrasse,1,3,swim,0,none,none,8.09,8.17,8,,,
Cook_A,11/03/2023,1,2,1,2,thalassoma,duperrey,saddlewrasse,1,3,swim,0,none,none,8.25,8.38,13,,,
Cook_A,11/03/2023,1,2,1,2,diodon,hystrix,spotted_porcupinefish,1,2,swim,0,none,none,9.20,9.26,6,,,
Cook_A,11/03/2023,1,2,1,2,thalassoma,duperrey,saddlewrasse,1,2,swim,0,none,none,10.42,10.53,11,end video A2 (1),,
Cook_A,11/03/2023,1,2,1,2,thalassoma,duperrey,saddlewrasse,1,3,swim,0,none,none,9.31,9.41,10,video A2 (2),end video A2 (2),
Cook_A,11/03/2023,1,2,1,2,thalassoma,duperrey,saddlewrasse,1,2,swim,0,none,none,6.05,6.12,7,video A2 (3),,
Cook_A,11/03/2023,1,2,1,2,caranx,melampygus,bluefintrevally,1,4,swim,0,none,none,8.04,8.06,2,,,
Cook_A,11/03/2023,1,2,1,2,thalassoma,duperrey,saddlewrasse,1,3,swim,0,none,none,12.43,12.51,8,end video A2 (3),,
Cook_A,11/03/2023,1,2,1,2,thalassoma,duperrey,saddlewrasse,1,2,swim,0,none,none,0.00,0.05,5,video A2 (4),,
Cook_A,11/03/2023,1,2,1,2,thalassoma,duperrey,saddlewrasse,1,3,swim,0,none,none,6.19,6.22,3,"end survey @ 6:52, video A2 (4)",,
Cook_A,11/03/2023,1,2,1,3,thalassoma,duperrey,saddlewrasse,1,6,swim,0,none,none,8.24,8.30,6,"survey start @ 6:38, video A3 (1)",,
Cook_A,11/03/2023,1,2,1,3,thalassoma,duperrey,saddlewrasse,1,5,swim,0,none,none,9.17,9.19,2,,,
Cook_A,11/03/2023,1,2,1,3,thalassoma,duperrey,saddlewrasse,1,4,swim,0,none,none,9.46,9.48,2,end video A3 (1),,
Cook_A,11/03/2023,1,2,1,3,thalassoma,duperrey,saddlewrasse,1,5,swim,0,none,none,12.12,12.13,1,video A3 (2),,
Cook_A,11/03/2023,1,2,1,3,caranx,melampygus,bluefintrevally,1,6,swim,0,none,none,9.18,9.21,3,video A3 (3),"survey ended @ 8:05, video A3 (4), no fish",
Cook_A,11/03/2023,1,2,2,1,thalassoma,duperrey,saddlewrasse,1,2,foraging,10,substrate,none,2.20,3.34,14,"survey start @ 1:44, video B1 (2)",,
Cook_A,11/03/2023,1,2,2,1,thalassoma,duperrey,saddlewrasse,1,2,swim,0,none,none,2.27,2.32,5,,,
Cook_A,11/03/2023,1,2,2,1,thalassoma,duperrey,saddlewrasse,1,2,foraging,6,substrate,none,2.27,2.56,29,,,
Cook_A,11/03/2023,1,2,2,1,scaridae,unidentified,parrotfish_unidentified,12,2,foraging,22,substrate,none,2.30,3.37,67,mix of palenose and bullethead juvenile parrotfish,,
Cook_A,11/03/2023,1,2,2,1,thalassoma,duperrey,saddlewrasse,1,2,swim,0,none,none,2.30,2.45,15, ,,
Cook_A,11/03/2023,1,2,2,1,thalassoma,duperrey,saddlewrasse,1,2,swim,0,none,none,4.46,4.51,5,,,
Cook_A,11/03/2023,1,2,2,1,scarus,psittacus,palenose_parrotfish,1,2,foraging,1,substrate,none,5.22,5.31,9,,,
Cook_A,11/03/2023,1,2,2,1,thalassoma,duperrey,saddlewrasse,1,2,swim,0,none,none,5.28,5.38,10,,,
Cook_A,11/03/2023,1,2,2,1,scaridae,unidentified,parrotfish_unidentified,12,2,foraging,37,substrate,none,5.27,7.05,98,mix of palenose & bullethead parrotfish,,
Cook_A,11/03/2023,1,2,2,1,thalassoma,duperrey,saddlewrasse,1,2,foraging,7,substrate,none,5.50,6.34,44,,,
Cook_A,11/03/2023,1,2,2,1,acanthurus,blochii,ringtail_surgeonfish,1,2,swim,0,none,none,5.57,6.06,9,,,
Cook_A,11/03/2023,1,2,2,1,acanthurus,blochii,ringtail_surgeonfish,1,1,foraging,3,substrate,none,6.02,6.30,28,,,
Cook_A,11/03/2023,1,2,2,1,acanthuridae,unidentified,surgeonfish_unidentified,1,2,foraging,8,substrate,none,6.13,6.31,18,,,
Cook_A,11/03/2023,1,2,2,1,thalassoma,duperrey,saddlewrasse,1,1,swim,0,none,none,6.01,6.14,13,,,
Cook_A,11/03/2023,1,2,2,1,thalassoma,duperrey,saddlewrasse,1,2,swim,0,none,none,6.17,6.25,8,,,
Cook_A,11/03/2023,1,2,2,1,scaridae,unidentified,parrotfish_unidentified,7,2,swim,0,none,none,7.51,8.00,9,,,
Cook_A,11/03/2023,1,2,2,1,acanthurus,blochii,ringtail_surgeonfish,1,2,swim,0,none,none,7.51,8.08,17,,,
Cook_A,11/03/2023,1,2,2,1,chlorurus,spilurus,bullethead_parrotfish,1,2,swim,0,none,none,7.58,8.07,9,,,
Cook_A,11/03/2023,1,2,2,1,thalassoma,duperrey,saddlewrasse,1,2,foraging,3,substrate,none,10.15,10.31,16,,,
Cook_A,11/03/2023,1,2,2,1,acanthurus,blochii,ringtail_surgeonfish,2,2,swim,0,none,none,10.57,11.26,29,,,
Cook_A,11/03/2023,1,2,2,1,thalassoma,duperrey,saddlewrasse,1,2,swim,0,none,none,10.54,10.58,4,,,
Cook_A,11/03/2023,1,2,2,1,thalassoma,duperrey,saddlewrasse,1,2,swim,0,none,none,10.58,11.08,10,,,
Cook_A,11/03/2023,1,2,2,1,scarus,psittacus,palenose_parrotfish,6,2,foraging,7,substrate,none,11.04,11.31,27,,,
Cook_A,11/03/2023,1,2,2,1,bothus,pantherinus,panther_flounder,1,1,swim,0,none,none,12.32,12.51,19,end video B1 (2),,
Cook_A,11/03/2023,1,2,2,1,bothus,pantherinus,panther_flounder,1,1,swim,0,none,none,0.00,2.01,121,video B1 (3),,
Cook_A,11/03/2023,1,2,2,1,thalassoma,duperrey,saddlewrasse,1,2,swim,0,none,none,0.25,0.28,3,,,
Cook_A,11/03/2023,1,2,2,1,stethojulis,balteata,belted_wrasse,1,2,foraging,3,substrate,none,0.45,0.51,6,,,
Cook_A,11/03/2023,1,2,2,1,stethojulis,balteata,belted_wrasse,1,2,foraging,2,substrate,none,0.56,1.14,18,,,
Cook_A,11/03/2023,1,2,2,1,thalassoma,duperrey,saddlewrasse,1,2,swim,0,none,none,1.07,1.15,8,,,
Cook_A,11/03/2023,1,2,2,1,scarus,psittacus,palenose_parrotfish,3,2,swim,0,none,none,1.07,1.15,8,,,
Cook_A,11/03/2023,1,2,2,1,acanthurus,blochii,ringtail_surgeonfish,1,2,swim,0,none,none,1.08,1.14,6,,,
Cook_A,11/03/2023,1,2,2,1,scarus,psittacus,palenose_parrotfish,1,2,foraging,2,substrate,none,2.17,2.33,16,,,
Cook_A,11/03/2023,1,2,2,1,scarus,psittacus,palenose_parrotfish,3,2,swim,0,none,none,2.20,2.33,13,,,
Cook_A,11/03/2023,1,2,2,1,thalassoma,duperrey,saddlewrasse,1,2,foraging,1,substrate,none,4.12,4.34,22,,,
Cook_A,11/03/2023,1,2,2,1,thalassoma,duperrey,saddlewrasse,1,2,swim,0,substrate,none,4.14,4.18,4,,,
Cook_A,11/03/2023,1,2,2,1,scarus,psittacus,palenose_parrotfish,1,2,foraging,3,substrate,none,4.20,4.32,12,,,
Cook_A,11/03/2023,1,2,2,1,thalassoma,duperrey,saddlewrasse,1,2,swim,0,none,none,4.21,4.58,37,,,
Cook_A,11/03/2023,1,2,2,1,scaridae,unidentified,parrotfish_unidentified,1,2,foraging,9,substrate,none,4.25,5.01,36,,,
Cook_A,11/03/2023,1,2,2,1,scarus,psittacus,palenose_parrotfish,3,6,foraging,11,substrate,none,4.50,5.09,19,,,
Cook_A,11/03/2023,1,2,2,1,gymnothorax,flavimarginatus,yellowmargined_moray,1,1,swim,0,none,none,8.38,12.51,253,,,
Cook_A,11/03/2023,1,2,2,1,thalassoma,duperrey,saddlewrasse,1,1,swim,0,none,none,9.07,9.12,5,,,
Cook_A,11/03/2023,1,2,2,1,thalassoma,duperrey,saddlewrasse,1,1,swim,0,none,none,9.11,9.22,11,,,
Cook_A,11/03/2023,1,2,2,1,thalassoma,duperrey,saddlewrasse,1,1,swim,0,none,none,9.13,9.32,19,,,
Cook_A,11/03/2023,1,2,2,1,chlorurus,spilurus,bullethead_parrotfish,3,1,swim,0,none,none,9.18,9.34,16,,,
Cook_A,11/03/2023,1,2,2,1,stethojulis,balteata,belted_wrasse,1,2,foraging,2,substrate,none,9.18,9.29,11,,,
Cook_A,11/03/2023,1,2,2,1,scarus,psittacus,palenose_parrotfish,8,2,swim,0,none,none,9.21,9.35,14,,,
Cook_A,11/03/2023,1,2,2,1,acanthurus,blochii,ringtail_surgeonfish,1,2,swim,0,none,none,9.21,9.35,14,,,
Cook_A,11/03/2023,1,2,2,1,thalassoma,duperrey,saddlewrasse,1,2,swim,0,none,none,10.22,10.34,12,,,
Cook_A,11/03/2023,1,2,2,1,thalassoma,duperrey,saddlewrasse,1,2,swim,0,none,none,10.30,10.49,19,,,
Cook_A,11/03/2023,1,2,2,1,acanthurus,blochii,ringtail_surgeonfish,1,2,foraging,6,substrate,none,10.33,10.55,22,,,
Cook_A,11/03/2023,1,2,2,1,chlorurus,spilurus,bullethead_parrotfish,2,2,swim,0,none,none,10.33,10.55,22,,,
Cook_A,11/03/2023,1,2,2,1,scarus,psittacus,palenose_parrotfish,4,2,foraging,6,substrate,none,10.39,10.51,12,,,
Cook_A,11/03/2023,1,2,2,1,acanthurus,blochii,ringtail_surgeonfish,1,2,swim,0,none,none,11.26,11.47,21,,,
Cook_A,11/03/2023,1,2,2,1,chlorurus,spilurus,bullethead_parrotfish,1,2,swim,0,none,none,12.01,12.20,19,,,
Cook_A,11/03/2023,1,2,2,1,thalassoma,duperrey,saddlewrasse,1,2,swim,0,none,none,12.01,12.11,10,end video B1 (3),,
Cook_A,11/03/2023,1,2,2,1,gymnothorax,flavimarginatus,yellowmargined_moray,1,1,swim,0,none,none,0.00,8.43,523,video B1 (4),,
Cook_A,11/03/2023,1,2,2,1,thalassoma,duperrey,saddlewrasse,1,2,foraging,1,substrate,none,0.07,0.21,14,,,
Cook_A,11/03/2023,1,2,2,1,acanthurus,blochii,ringtail_surgeonfish,1,2,swim,0,none,none,0.08,0.21,13,,,
Cook_A,11/03/2023,1,2,2,1,chlorurus,spilurus,bullethead_parrotfish,2,2,foraging,9,substrate,none,3.50,4.13,23,,,
Cook_A,11/03/2023,1,2,2,1,scarus,psittacus,palenose_parrotfish,8,2,foraging,36,substrate,none,3.52,4.43,51,,,
Cook_A,11/03/2023,1,2,2,1,acanthurus,blochii,ringtail_surgeonfish,3,2,foraging,2,substrate,none,3.52,4.48,56,,,
Cook_A,11/03/2023,1,2,2,1,stethojulis,balteata,belted_wrasse,1,2,foraging,2,substrate,none,6.04,6.12,8,,,
Cook_A,11/03/2023,1,2,2,1,thalassoma,duperrey,saddlewrasse,1,2,swim,0,none,none,6.07,6.13,6,,,
Cook_A,11/03/2023,1,2,2,1,mulloidichthys,flavolineatus,yellowstripe_goatfish,1,2,swim,0,none,none,6.35,6.40,5,end video B1 (4),,
Cook_A,11/03/2023,1,2,2,1,scarus,psittacus,palenose_parrotfish,8,2,foraging,25,substrate,none,0.37,2.00,83,video B1 (5),,
Cook_A,11/03/2023,1,2,2,1,thalassoma,duperrey,saddlewrasse,1,2,foraging,3,substrate,none,0.35,1.41,66,,,
Cook_A,11/03/2023,1,2,2,1,acanthurus,blochii,ringtail_surgeonfish,1,2,foraging,2,substrate,none,0.42,1.16,34,,,
Cook_A,11/03/2023,1,2,2,1,acanthurus,blochii,ringtail_surgeonfish,1,2,swim,0,none,none,0.54,1.12,18,,,
Cook_A,11/03/2023,1,2,2,1,chaetodon,auriga,threadfin_butterflyfish,1,2,swim,0,none,none,1.02,1.05,3,,,
Cook_A,11/03/2023,1,2,2,1,thalassoma,duperrey,saddlewrasse,1,2,foraging,4,substrate,none,1.25,1.50,25,,,
Cook_A,11/03/2023,1,2,2,1,thalassoma,duperrey,saddlewrasse,1,2,swim,0,none,none,1.37,1.41,4,,,
Cook_A,11/03/2023,1,2,2,1,scarus,psittacus,palenose_parrotfish,1,2,foraging,5,substrate,none,1.37,1.55,18,,,
Cook_A,11/03/2023,1,2,2,1,thalassoma,duperrey,saddlewrasse,1,2,foraging,2,substrate,none,1.46,1.57,11,,,
Cook_A,11/03/2023,1,2,2,1,acanthurus,blochii,ringtail_surgeonfish,5,2,swim,0,none,none,1.53,2.04,11,,,
Cook_A,11/03/2023,1,2,2,1,scarus,psittacus,palenose_parrotfish,5,2,swim,0,none,none,1.50,2.00,10,,,
Cook_A,11/03/2023,1,2,2,1,chaetodon,auriga,threadfin_butterflyfish,1,2,swim,0,none,none,2.03,2.05,2,,,
Cook_A,11/03/2023,1,2,2,1,thalassoma,duperrey,saddlewrasse,1,2,swim,0,none,none,2.10,2.23,13,,,
Cook_A,11/03/2023,1,2,2,1,scarus,psittacus,palenose_parrotfish,8,2,foraging,19,substrate,none,2.11,2.51,40,,,
Cook_A,11/03/2023,1,2,2,1,acanthurus,blochii,ringtail_surgeonfish,1,2,swim,0,none,none,2.14,2.23,9,,,
Cook_A,11/03/2023,1,2,2,1,thalassoma,duperrey,saddlewrasse,1,2,swim,0,none,none,2.15,2.20,5,,,
Cook_A,11/03/2023,1,2,2,1,thalassoma,duperrey,saddlewrasse,1,2,swim,0,none,none,2.28,2.39,11,,,
Cook_A,11/03/2023,1,2,2,1,thalassoma,duperrey,saddlewrasse,1,2,foraging,5,substrate,none,2.35,2.48,13,,,
Cook_A,11/03/2023,1,2,2,1,acanthurus,blochii,ringtail_surgeonfish,8,2,swim,0,none,none,3.07,3.11,4,"survey ended @ 3:11, video B1 (5)",,
Cook_A,11/03/2023,1,2,2,2,thalassoma,duperrey,saddlewrasse,1,4,swim,0,none,none,1.54,2.18,24,"survey start @ 1:39, video B2 (2)",,
Cook_A,11/03/2023,1,2,2,2,thalassoma,duperrey,saddlewrasse,1,4,foraging,1,substrate,none,2.03,2.24,21,,,
Cook_A,11/03/2023,1,2,2,2,thalassoma,duperrey,saddlewrasse,1,4,foraging,7,substrate,none,2.07,2.39,32,,,
Cook_A,11/03/2023,1,2,2,2,scarus,psittacus,palenose_parrotfish,1,3,swim,0,none,none,2.25,2.34,9,,,
Cook_A,11/03/2023,1,2,2,2,stethojulis,balteata,belted_wrasse,1,3,swim,0,none,none,4.29,4.35,6,,,
Cook_A,11/03/2023,1,2,2,2,stethojulis,balteata,belted_wrasse,1,3,foraging,1,substrate,none,5.09,5.15,6,,,
Cook_A,11/03/2023,1,2,2,2,thalassoma,duperrey,saddlewrasse,1,4,foraging,1,substrate,none,5.14,5.34,20,,,
Cook_A,11/03/2023,1,2,2,2,scarus,psittacus,palenose_parrotfish,2,3,foraging,9,substrate,none,5.20,5.33,13,,,
Cook_A,11/03/2023,1,2,2,2,thalassoma,duperrey,saddlewrasse,1,4,swim,0,none,none,5.28,5.50,22,,,
Cook_A,11/03/2023,1,2,2,2,thalassoma,duperrey,saddlewrasse,1,4,foraging,8,substrate,none,6.02,6.47,45,,,
Cook_A,11/03/2023,1,2,2,2,thalassoma,duperrey,saddlewrasse,1,4,swim,0,none,none,6.05,6.19,14,,,
Cook_A,11/03/2023,1,2,2,2,scarus,psittacus,palenose_parrotfish,8,4,foraging,5,substrate,none,6.04,6.26,22,,,
Cook_A,11/03/2023,1,2,2,2,acanthurus,blochii,ringtail_surgeonfish,1,4,foraging,6,substrate,none,6.04,6.26,22,,,
Cook_A,11/03/2023,1,2,2,2,scarus,psittacus,palenose_parrotfish,2,3,foraging,3,substrate,none,6.31,6.42,11,,,
Cook_A,11/03/2023,1,2,2,2,thalassoma,duperrey,saddlewrasse,2,4,swim,0,none,none,8.57,9.41,44,,,
Cook_A,11/03/2023,1,2,2,2,thalassoma,duperrey,saddlewrasse,1,4,swim,0,none,none,10.47,10.52,5,,,
Cook_A,11/03/2023,1,2,2,2,scaridae,unidentified,parrotfish_unidentified,7,4,foraging,2,substrate,none,10.55,11.06,11,,,
Cook_A,11/03/2023,1,2,2,2,acanthurus,blochii,ringtail_surgeonfish,2,3,swim,0,none,none,10.55,11.06,11,end of video B2 (2),,
Cook_A,11/03/2023,1,2,2,2,thalassoma,duperrey,saddlewrasse,1,4,foraging,1,substrate,none,0.05,0.12,7,video B2 (3),,
Cook_A,11/03/2023,1,2,2,2,thalassoma,duperrey,saddlewrasse,1,4,swim,0,none,none,0.08,0.17,9,,,
Cook_A,11/03/2023,1,2,2,2,stethojulis,balteata,belted_wrasse,2,4,foraging,8,substrate,none,0.13,0.54,41,,,
Cook_A,11/03/2023,1,2,2,2,thalassoma,duperrey,saddlewrasse,2,4,foraging,8,substrate,none,0.24,0.56,32,,,
Cook_A,11/03/2023,1,2,2,2,acanthurus,blochii,ringtail_surgeonfish,1,4,foraging,7,substrate,none,0.28,1.03,35,,,
Cook_A,11/03/2023,1,2,2,2,scarus,psittacus,palenose_parrotfish,3,4,foraging,15,substrate,none,0.24,0.56,32,,,
Cook_A,11/03/2023,1,2,2,2,scarus,psittacus,palenose_parrotfish,3,3,swim,0,none,none,2.15,2.20,5,,,
Cook_A,11/03/2023,1,2,2,2,thalassoma,duperrey,saddlewrasse,1,3,foraging,1,substrate,none,3.57,4.19,22,,,
Cook_A,11/03/2023,1,2,2,2,thalassoma,duperrey,saddlewrasse,1,4,swim,0,none,none,4.03,4.10,7,,,
Cook_A,11/03/2023,1,2,2,2,scaridae,unidentified,parrotfish_unidentified,3,3,foraging,6,substrate,none,4.11,4.41,30,,,
Cook_A,11/03/2023,1,2,2,2,scarus,psittacus,palenose_parrotfish,5,3,foraging,10,substrate,none,4.41,4.54,13,,,
Cook_A,11/03/2023,1,2,2,2,thalassoma,duperrey,saddlewrasse,1,4,swim,0,none,none,5.01,5.03,2,,,
Cook_A,11/03/2023,1,2,2,2,thalassoma,duperrey,saddlewrasse,1,2,foraging,2,substrate,none,9.03,9.12,9,,,
Cook_A,11/03/2023,1,2,2,2,stethojulis,balteata,belted_wrasse,1,2,foraging,2,substrate,none,9.07,9.11,4,,,
Cook_A,11/03/2023,1,2,2,2,chlorurus,spilurus,bullethead_parrotfish,2,2,swim,0,none,none,9.07,9.13,6,,,
Cook_A,11/03/2023,1,2,2,2,scarus,psittacus,palenose_parrotfish,3,2,swim,0,none,none,9.09,9.14,5,,,
Cook_A,11/03/2023,1,2,2,2,thalassoma,duperrey,saddlewrasse,1,3,swim,0,none,none,10.12,10.23,11,,,
Cook_A,11/03/2023,1,2,2,2,chlorurus,spilurus,bullethead_parrotfish,2,3,swim,0,none,none,11.47,12.04,17,,,
Cook_A,11/03/2023,1,2,2,2,thalassoma,duperrey,saddlewrasse,1,4,swim,0,none,none,12.27,12.33,6,end of video B2 (3),,
Cook_A,11/03/2023,1,2,2,2,thalassoma,duperrey,saddlewrasse,1,3,swim,0,none,none,0.00,0.04,4,video B2 (4),,
Cook_A,11/03/2023,1,2,2,2,acanthurus,blochii,ringtail_surgeonfish,1,3,swim,0,none,none,0.00,0.04,4,,,
Cook_A,11/03/2023,1,2,2,2,chlorurus,spilurus,bullethead_parrotfish,1,3,swim,0,none,none,3.53,4.02,9,,,
Cook_A,11/03/2023,1,2,2,2,canthigaster,jactator,hawaiianwhitespottedpuffer,1,4,swim,0,none,none,5.09,5.18,9,,,
Cook_A,11/03/2023,1,2,2,2,canthigaster,jactator,hawaiianwhitespottedpuffer,1,4,swim,0,none,none,5.41,6.04,23,,,
Cook_A,11/03/2023,1,2,2,2,acanthurus,blochii,ringtail_surgeonfish,1,4,foraging,2,substrate,none,5.53,6.09,16,,,
Cook_A,11/03/2023,1,2,2,2,canthigaster,jactator,hawaiianwhitespottedpuffer,1,4,foraging,1,substrate,none,5.56,6.09,13,,,
Cook_A,11/03/2023,1,2,2,2,thalassoma,duperrey,saddlewrasse,1,4,swim,0,none,none,5.59,6.08,9,,,
Cook_A,11/03/2023,1,2,2,2,mulloidichthys,flavolineatus,yellowstripe_goatfish,1,2,swim,0,none,none,6.23,6.27,4,,,
Cook_A,11/03/2023,1,2,2,2,thalassoma,duperrey,saddlewrasse,1,4,swim,0,none,none,6.34,6.39,5,,,
Cook_A,11/03/2023,1,2,2,2,thalassoma,duperrey,saddlewrasse,1,4,foraging,2,substrate,none,7.45,8.14,29,,,
Cook_A,11/03/2023,1,2,2,2,acanthurus,blochii,ringtail_surgeonfish,1,4,foraging,3,substrate,none,7.45,8.14,29,,,
Cook_A,11/03/2023,1,2,2,2,thalassoma,duperrey,saddlewrasse,1,4,swim,0,none,none,11.05,11.34,29,,,
Cook_A,11/03/2023,1,2,2,2,thalassoma,duperrey,saddlewrasse,1,4,swim,0,none,none,11.43,11.54,11,,,
Cook_A,11/03/2023,1,2,2,2,scarus,psittacus,palenose_parrotfish,2,4,foraging,7,substrate,none,11.52,12.08,16,,,
Cook_A,11/03/2023,1,2,2,2,thalassoma,duperrey,saddlewrasse,1,4,swim,0,none,none,12.35,12.48,13,end video B2 (4),,
Cook_A,11/03/2023,1,2,2,2,thalassoma,duperrey,saddlewrasse,1,3,foraging,4,substrate,none,0.43,1.04,21,video B2 (5),,
Cook_A,11/03/2023,1,2,2,2,thalassoma,duperrey,saddlewrasse,1,3,swim,0,none,none,0.43,0.52,9,,,
Cook_A,11/03/2023,1,2,2,2,thalassoma,duperrey,saddlewrasse,1,3,foraging,3,substrate,none,1.14,1.46,32,,,
Cook_A,11/03/2023,1,2,2,2,thalassoma,duperrey,saddlewrasse,1,3,foraging,5,substrate,none,1.24,2.05,41,,,
Cook_A,11/03/2023,1,2,2,2,stethojulis,balteata,belted_wrasse,1,3,foraging,14,substrate,none,1.24,2.36,72,,,
Cook_A,11/03/2023,1,2,2,2,thalassoma,duperrey,saddlewrasse,1,4,foraging,5,substrate,none,1.29,2.22,53,,,
Cook_A,11/03/2023,1,2,2,2,acanthurus,blochii,ringtail_surgeonfish,1,4,swim,0,none,none,1.29,1.40,11,,,
Cook_A,11/03/2023,1,2,2,2,thalassoma,duperrey,saddlewrasse,1,4,swim,0,none,none,1.34,1.59,25,,,
Cook_A,11/03/2023,1,2,2,2,scarus,psittacus,palenose_parrotfish,6,4,foraging,15,substrate,none,1.39,2.17,38,"survey ended @ 3:06, video B2 (5)",,
Cook_A,11/03/2023,1,2,2,3,stethojulis,balteata,belted_wrasse,1,6,swim,0,none,none,1.59,2.20,21,"survey start @ 1:44, video B3 (2)",,
Cook_A,11/03/2023,1,2,2,3,thalassoma,duperrey,saddlewrasse,1,6,foraging,2,substrate,none,6.24,6.47,23,,,
Cook_A,11/03/2023,1,2,2,3,scarus,psittacus,palenose_parrotfish,4,6,foraging,13,substrate,none,6.34,7.25,51,,,
Cook_A,11/03/2023,1,2,2,3,stethojulis,balteata,belted_wrasse,2,6,foraging,4,substrate,none,6.33,6.42,9,,,
Cook_A,11/03/2023,1,2,2,3,thalassoma,duperrey,saddlewrasse,2,6,foraging,6,substrate,none,6.54,7.32,38,,,
Cook_A,11/03/2023,1,2,2,3,thalassoma,duperrey,saddlewrasse,1,6,swim,0,none,none,8.27,8.33,6,,,
Cook_A,11/03/2023,1,2,2,3,stethojulis,balteata,belted_wrasse,1,6,swim,0,none,none,11.13,11.19,6,,,
Cook_A,11/03/2023,1,2,2,3,thalassoma,duperrey,saddlewrasse,2,6,swim,0,none,none,11.17,11.30,13,end video B3 (2),,
Cook_A,11/03/2023,1,2,2,3,thalassoma,duperrey,saddlewrasse,1,6,swim,0,none,none,0.00,0.17,17,video B3 (3),,
Cook_A,11/03/2023,1,2,2,3,thalassoma,duperrey,saddlewrasse,1,6,foraging,1,substrate,none,0.00,0.10,10,,,
Cook_A,11/03/2023,1,2,2,3,stethojulis,balteata,belted_wrasse,1,6,foraging,1,substrate,none,0.07,0.11,4,,,
Cook_A,11/03/2023,1,2,2,3,scarus,psittacus,palenose_parrotfish,4,5,foraging,10,substrate,none,0.36,1.01,25,,,
Cook_A,11/03/2023,1,2,2,3,thalassoma,duperrey,saddlewrasse,1,5,foraging,7,substrate,none,0.35,1.01,26,,,
Cook_A,11/03/2023,1,2,2,3,acanthurus,blochii,ringtail_surgeonfish,1,5,foraging,7,substrate,none,0.38,1.01,23,,,
Cook_A,11/03/2023,1,2,2,3,thalassoma,duperrey,saddlewrasse,1,6,swim,0,none,none,3.08,3.24,16,,,
Cook_A,11/03/2023,1,2,2,3,thalassoma,duperrey,saddlewrasse,1,6,foraging,2,substrate,none,11.10,11.24,14,,,
Cook_A,11/03/2023,1,2,2,3,chlorurus,spilurus,bullethead_parrotfish,1,6,swim,0,none,none,11.30,11.34,4,,,
Cook_A,11/03/2023,1,2,2,3,scarus,psittacus,palenose_parrotfish,5,6,foraging,11,substrate,none,11.35,12.05,30,,,
Cook_A,11/03/2023,1,2,2,3,thalassoma,duperrey,saddlewrasse,2,6,swim,0,none,none,12.25,12.39,14,end video B3 (3),,
Cook_A,11/03/2023,1,2,2,3,acanthurus,blochii,ringtail_surgeonfish,1,6,swim,0,none,none,0.55,1.03,8,video B3 (4) ,,
Cook_A,11/03/2023,1,2,2,3,thalassoma,duperrey,saddlewrasse,1,6,swim,0,none,none,0.55,1.03,8,,,
Cook_A,11/03/2023,1,2,2,3,canthigaster,jactator,hawaiianwhitespottedpuffer,2,6,foraging,2,substrate,none,5.49,6.46,57,,,
Cook_A,11/03/2023,1,2,2,3,acanthurus,blochii,ringtail_surgeonfish,1,6,foraging,5,substrate,none,6.02,7.10,68,,,
Cook_A,11/03/2023,1,2,2,3,thalassoma,duperrey,saddlewrasse,3,6,foraging,6,substrate,none,6.10,7.19,69,,,
Cook_A,11/03/2023,1,2,2,3,thalassoma,duperrey,saddlewrasse,1,6,foraging,2,substrate,none,7.54,8.21,27,,,
Cook_A,11/03/2023,1,2,2,3,acanthurus,blochii,ringtail_surgeonfish,1,5,swim,0,none,none,7.54,8.23,29,,,
Cook_A,11/03/2023,1,2,2,3,thalassoma,duperrey,saddlewrasse,1,5,swim,0,none,none,11.21,11.23,2,,,
Cook_A,11/03/2023,1,2,2,3,thalassoma,duperrey,saddlewrasse,1,6,swim,0,none,none,11.37,12.12,35,,,
Cook_A,11/03/2023,1,2,2,3,scarus,psittacus,palenose_parrotfish,2,5,foraging,5,substrate,none,11.59,12.15,16,,,
Cook_A,11/03/2023,1,2,2,3,thalassoma,duperrey,saddlewrasse,2,6,foraging,2,substrate,none,12.41,12.51,10,end video B3 (4),,
Cook_A,11/03/2023,1,2,2,3,thalassoma,duperrey,saddlewrasse,1,6,foraging,4,substrate,none,0.00,0.25,25,video B3 (5),,
Cook_A,11/03/2023,1,2,2,3,thalassoma,duperrey,saddlewrasse,1,5,swim,0,none,none,1.53,1.59,6,"survey ended @ 3:11, video B3 (5)",,
Cook_A,11/08/2023,2,3,1,1,acanthuridae,unidentified,surgeonfish_unidentified,2,1,swim,0,none,none,1.10,1.13,3,"survey starts @ 5:50, video A1 (3), no fish",video A1 (4),
Cook_A,11/08/2023,2,3,1,1,albula,virgata,longjaw_bonefish,1,2,swim,0,none,none,7.01,7.05,4,,,
Cook_A,11/08/2023,2,3,1,1,albula,virgata,longjaw_bonefish,1,2,swim,0,none,none,7.28,7.33,5,,,
Cook_A,11/08/2023,2,3,1,1,albula,virgata,longjaw_bonefish,1,2,swim,0,none,none,7.50,7.58,8,end video A1 (4),"video A1 (5), no fish","survey ended @ 7:17, video A1 (6), no fish"
Cook_A,11/08/2023,2,3,1,2,albula,virgata,longjaw_bonefish,1,5,swim,0,none,none,7.42,7.49,7,"video A2 (3) starts @ 6:30, no fish",video A2 (4),
Cook_A,11/08/2023,2,3,1,2,albula,virgata,longjaw_bonefish,1,5,swim,0,none,none,8.06,8.11,5,,,
Cook_A,11/08/2023,2,3,1,2,albula,virgata,longjaw_bonefish,1,5,swim,0,none,none,8.29,8.41,12,,,
Cook_A,11/08/2023,2,3,1,2,acanthurus,blochii,ringtail_surgeonfish,1,5,swim,0,none,none,9.12,9.14,2,end video A2 (4),"survey ends @ 7:59, video A2 (6), no fish. No fish in video A2 (5)",
Cook_A,11/08/2023,2,3,1,3,albula,virgata,longjaw_bonefish,1,6,swim,0,none,none,7.30,7.37,7,"survey starts @ 6:12, video A3 (3), no fish",video A3 (4),
Cook_A,11/08/2023,2,3,1,3,albula,virgata,longjaw_bonefish,1,6,swim,0,none,none,7.51,8.28,37,,,
Cook_A,11/08/2023,2,3,1,3,albula,virgata,longjaw_bonefish,1,6,swim,0,none,none,8.47,8.54,7,,,
Cook_A,11/08/2023,2,3,1,3,acanthurus,blochii,ringtail_surgeonfish,1,6,swim,0,none,none,8.59,9.04,5,end video A3 (4),"survey ends @ 7:40 video A3 (6), no fish & no fish in video A3 (5)",
Cook_A,11/08/2023,2,3,2,1,acanthuridae,unidentified,surgeonfish_unidentified,1,1,swim,0,none,none,3.20,3.22,2,"survey starts @ 4:49, video B1 (3), no fish",,
Cook_A,11/08/2023,2,3,2,1,chelonia,mydas,greenseaturtle,1,2,swim,0,none,none,6.14,6.40,26,video B1 (5) ,"videos B1 (4), no fish",
Cook_A,11/08/2023,2,3,2,1,chelonia,mydas,greenseaturtle,1,2,swim,0,none,none,8.44,8.52,8,turtle flippers in the video.,,
Cook_A,11/08/2023,2,3,2,1,scaridae,unidentified,parrotfish_unidentified,9,1,swim,0,none,none,0.16,0.44,28,video B1 (6),"survey ends @ 6:16, video B1 (6)",
Cook_A,11/08/2023,2,3,2,2,chelonia,mydas,greenseaturtle,1,4,swim,0,none,none,6.07,7.40,93,"survey starts @ 3:07, video B2 (3), no fish","video B2 (5), turtle. No fish video B2 (4)",
Cook_A,11/08/2023,2,3,2,2,chelonia,mydas,greenseaturtle,1,4,swim,0,none,none,8.19,8.45,26,,,
Cook_A,11/08/2023,2,3,2,2,cephalopoda,unidentified,octopus_unidentified,1,4,swim,0,none,none,3.41,4.19,38,"end of survey @ 4:34, video B2 (6)",,
Cook_A,11/08/2023,2,3,2,3,chelonia,mydas,greenseaturtle,1,6,swim,0,none,none,6.46,8.40,114,video B3 (5),,
Cook_A,11/08/2023,2,3,2,3,chelonia,mydas,greenseaturtle,1,6,swim,0,none,none,10.05,10.23,18,,,
Cook_A,11/08/2023,2,3,2,3,cephalopoda,unidentified,octopus_unidentified,1,5,swim,0,none,none,3.42,4.29,47,"survey ended @ 4:29, video B3 (6)",,
Cook_A,12/11/2023,1,3,1,1,thalassoma,duperrey,saddlewrasse,1,1,swim,0,none,none,8.43,8.46,3,"video A1 (3), survey starts video A1 (2) @ 9:20, no fish.","survey ended at 10:47, video A1 (5), no fish",
Cook_A,12/11/2023,1,3,1,2,thalassoma,duperrey,saddlewrasse,1,5,swim,0,none,none,12.42,12.50,8,"video A2 (3), survey starts on video A2 (2) at 8:55, no fish",,
Cook_A,12/11/2023,1,3,1,2,thalassoma,duperrey,saddlewrasse,1,4,swim,0,none,none,0.00,0.13,13,video A2 (4),"survey ended at 10:22, video A2 (5), no fish",
Cook_A,12/11/2023,1,3,1,3,sepioteuthis,lessoniana,bigfin_squid,1,3,swim,0,none,none,4.59,5.19,20,video A3 (3),"survey starts on video A3 (2) at 8:41, no fish",
Cook_A,12/11/2023,1,3,1,3,thalassoma,duperrey,saddlewrasse,1,3,swim,0,none,none,12.19,12.28,9,,,
Cook_A,12/11/2023,1,3,1,3,thalassoma,duperrey,saddlewrasse,1,6,swim,0,none,none,12.24,12.43,19,end of video A3 (3),,
Cook_A,12/11/2023,1,3,1,3,thalassoma,duperrey,saddlewrasse,1,6,swim,0,none,none,0.46,0.49,3,video A3 (5),"video A3 (4), no fish",
Cook_A,12/11/2023,1,3,1,3,caranx,melampygus,bluefintrevally,1,6,swim,0,none,none,6.09,6.28,19,,,
Cook_A,12/11/2023,1,3,1,3,caranx,melampygus,bluefintrevally,3,3,swim,0,none,none,6.40,6.51,11,"video A3 (5), survey ended at 10:08",,
Cook_A,12/11/2023,1,3,2,1,thalassoma,duperrey,saddlewrasse,1,1,swim,0,none,none,7.36,7.42,6,"survey starts @ 0:15, video B1 (3)",,
Cook_A,12/11/2023,1,3,2,1,thalassoma,duperrey,saddlewrasse,1,2,swim,0,none,none,6.54,7.04,10,video B1 (4),,
Cook_A,12/11/2023,1,3,2,1,thalassoma,duperrey,saddlewrasse,2,2,foraging,2,substrate,none,8.45,9.16,31,,,
Cook_A,12/11/2023,1,3,2,1,thalassoma,duperrey,saddlewrasse,1,1,foraging,4,substrate,none,12.20,12.51,31,end video B1 (4),,
Cook_A,12/11/2023,1,3,2,1,thalassoma,duperrey,saddlewrasse,1,1,swim,0,none,none,0.00,0.03,3,video B1 (5),,
Cook_A,12/11/2023,1,3,2,1,fistularia,commersonii,smoothcornetfish,1,2,swim,0,none,none,10.20,10.44,24,end video B1 (5),,
Cook_A,12/11/2023,1,3,2,1,thalassoma,duperrey,saddlewrasse,1,1,swim,0,none,none,0.18,0.26,8,video B1 (6),"end survey @ 1:44, video B1 (6)",
Cook_A,12/11/2023,1,3,2,2,thalassoma,duperrey,saddlewrasse,1,2,swim,0,none,none,7.15,7.20,5,"survey starts @ 0:37, video B2 (3), no fish",video B2 (4),
Cook_A,12/11/2023,1,3,2,2,fistularia,commersonii,smoothcornetfish,1,2,swim,0,none,none,10.46,11.03,17,video B2 (5),"survey ended at 2:05, video B2 (6)",No fish seen at camera 3
Cook_A,01/18/2024,2,1,1,1,thalassoma,duperrey,saddlewrasse,1,2,swim,0,none,none,4.08,4.30,22,"survey starts @ 1:55, video A1 (5)",,
Cook_A,01/18/2024,2,1,1,1,thalassoma,duperrey,saddlewrasse,1,2,swim,0,none,none,4.54,5.02,8,,,
Cook_A,01/18/2024,2,1,1,1,ostracion,meleagris,spottedboxfish,1,1,swim,0,none,none,7.17,7.32,15,,,
Cook_A,01/18/2024,2,1,1,1,thalassoma,duperrey,saddlewrasse,1,2,swim,0,none,none,10.35,10.46,11,,,
Cook_A,01/18/2024,2,1,1,1,thalassoma,duperrey,saddlewrasse,1,2,foraging,1,substrate,none,11.15,11.28,13,end video A1 (5),,
Cook_A,01/18/2024,2,1,1,1,thalassoma,duperrey,saddlewrasse,1,1,swim,0,none,none,5.09,5.12,3,video A1 (6),,
Cook_A,01/18/2024,2,1,1,1,thalassoma,duperrey,saddlewrasse,1,2,foraging,4,substrate,none,11.30,12.00,30,,,
Cook_A,01/18/2024,2,1,1,1,thalassoma,duperrey,saddlewrasse,1,2,foraging,1,substrate,none,11.55,12.28,33,,,
Cook_A,01/18/2024,2,1,1,1,thalassoma,duperrey,saddlewrasse,1,2,swim,0,none,none,12.36,12.50,14,end video A1 (6),,
Cook_A,01/18/2024,2,1,1,1,thalassoma,duperrey,saddlewrasse,1,2,swim,0,none,none,0.00,0.07,7,video A1 (7),,
Cook_A,01/18/2024,2,1,1,1,thalassoma,duperrey,saddlewrasse,1,2,swim,0,none,none,0.49,0.53,4,,,
Cook_A,01/18/2024,2,1,1,1,thalassoma,duperrey,saddlewrasse,1,1,swim,0,none,none,2.29,2.38,9,,,
Cook_A,01/18/2024,2,1,1,1,scomberoides,lysan,leathernskin,1,2,swim,0,none,none,7.28,7.31,3,,,
Cook_A,01/18/2024,2,1,1,1,thalassoma,duperrey,saddlewrasse,1,2,swim,0,none,none,12.48,12.51,3,end of video A1 (7),,
Cook_A,01/18/2024,2,1,1,1,thalassoma,duperrey,saddlewrasse,1,2,swim,0,none,none,0.00,0.02,2,video A1 (8),,
Cook_A,01/18/2024,2,1,1,1,thalassoma,duperrey,saddlewrasse,1,2,swim,0,none,none,0.21,0.26,5,,,
Cook_A,01/18/2024,2,1,1,1,thalassoma,duperrey,saddlewrasse,1,1,swim,0,none,none,1.16,1.24,8,,,
Cook_A,01/18/2024,2,1,1,1,thalassoma,duperrey,saddlewrasse,1,2,foraging,2,substrate,none,2.13,2.46,33,"survey ended @ 3:23, video A1 (8)",,
Cook_A,01/18/2024,2,1,1,2,thalassoma,duperrey,saddlewrasse,1,4,foraging,2,substrate,none,5.21,5.44,23,"survey starts @ 3:04, video A2 (5)",,
Cook_A,01/18/2024,2,1,1,2,thalassoma,duperrey,saddlewrasse,1,4,foraging,2,substrate,none,5.28,6.09,41,,,
Cook_A,01/18/2024,2,1,1,2,thalassoma,duperrey,saddlewrasse,1,4,foraging,2,substrate,none,11.50,12.34,44,end video A2 (5),,
Cook_A,01/18/2024,2,1,1,2,thalassoma,duperrey,saddlewrasse,1,3,foraging,1,substrate,none,12.26,12.36,10,video A2 (6),,
Cook_A,01/18/2024,2,1,1,2,thalassoma,duperrey,saddlewrasse,1,2,foraging,2,substrate,none,12.43,12.50,7,end video A2 (6),,
Cook_A,01/18/2024,2,1,1,2,thalassoma,duperrey,saddlewrasse,1,2,foraging,4,substrate,none,0.00,0.16,16,video A2 (7),,
Cook_A,01/18/2024,2,1,1,2,thalassoma,duperrey,saddlewrasse,1,3,foraging,6,substrate,none,0.15,0.43,28,,,
Cook_A,01/18/2024,2,1,1,2,thalassoma,duperrey,saddlewrasse,1,2,swim,0,none,none,0.57,1.15,18,,,
Cook_A,01/18/2024,2,1,1,2,thalassoma,duperrey,saddlewrasse,1,3,swim,0,none,none,2.01,2.14,13,,,
Cook_A,01/18/2024,2,1,1,2,chelonia,mydas,greenseaturtle,1,4,swim,0,none,none,2.02,2.07,5,,,
Cook_A,01/18/2024,2,1,1,2,scomberoides,lysan,leathernskin,1,4,swim,0,none,none,2.16,2.18,2,,,
Cook_A,01/18/2024,2,1,1,2,thalassoma,duperrey,saddlewrasse,1,1,swim,0,none,none,3.37,3.44,7,,,
Cook_A,01/18/2024,2,1,1,2,scomberoides,lysan,leathernskin,1,3,swim,0,none,none,8.36,8.37,1,,,
Cook_A,01/18/2024,2,1,1,2,thalassoma,duperrey,saddlewrasse,1,3,foraging,1,substrate,none,8.49,9.08,19,end of video A2 (7),,
Cook_A,01/18/2024,2,1,1,2,thalassoma,duperrey,saddlewrasse,1,3,foraging,2,substrate,none,1.08,1.29,21,,,
Cook_A,01/18/2024,2,1,1,2,thalassoma,duperrey,saddlewrasse,1,2,foraging,1,substrate,none,3.30,3.43,13,"survey ended @ 4:32, video A2 (8)",,
Cook_A,01/18/2024,2,1,1,3,thalassoma,duperrey,saddlewrasse,1,4,swim,0,none,none,5.05,5.37,32,"survey starts @ 2:39, video A3 (5)",,
Cook_A,01/18/2024,2,1,1,3,thalassoma,duperrey,saddlewrasse,1,4,foraging,1,substrate,none,5.11,5.21,10,,,
Cook_A,01/18/2024,2,1,1,3,thalassoma,duperrey,saddlewrasse,1,4,foraging,2,substrate,none,11.33,11.58,25,end video A3 (5),,
Cook_A,01/18/2024,2,1,1,3,thalassoma,duperrey,saddlewrasse,1,4,foraging,2,substrate,none,12.06,12.12,6,video A3 (6),,
Cook_A,01/18/2024,2,1,1,3,chelonia,mydas,greenseaturtle,1,6,swim,0,none,none,1.38,1.44,6,video A3 (7),,
Cook_A,01/18/2024,2,1,1,3,thalassoma,duperrey,saddlewrasse,1,3,swim,0,none,none,1.40,1.46,6,,,
Cook_A,01/18/2024,2,1,1,3,scomberoides,lysan,leathernskin,1,6,swim,0,none,none,1.52,1.55,3,,,
Cook_A,01/18/2024,2,1,1,3,thalassoma,duperrey,saddlewrasse,1,4,foraging,1,substrate,none,8.29,8.47,18,end video A3 (7),"survey ends @ 4:07, video A3 (8), no fish",
Cook_A,01/18/2024,2,1,2,1,ostracion,meleagris,spottedboxfish,1,1,foraging,1,substrate,none,4.10,4.21,11,"survey starts @ 12:25, video B1 (4), no fish",video B1 (5),
Cook_A,01/18/2024,2,1,2,1,thalassoma,duperrey,saddlewrasse,1,1,foraging,2,substrate,none,6.28,6.50,22,,,
Cook_A,01/18/2024,2,1,2,1,gomphosus,varius,birdwrasse,1,1,foraging,1,substrate,none,6.32,6.44,12,,,
Cook_A,01/18/2024,2,1,2,1,gomphosus,varius,birdwrasse,1,1,swim,0,none,none,8.32,8.35,3,end video B1 (5),,
Cook_A,01/18/2024,2,1,2,1,thalassoma,duperrey,saddlewrasse,2,1,swim,0,none,none,11.56,12.29,33,video B1 (7),,
Cook_A,01/18/2024,2,1,2,1,acanthurus,blochii,ringtail_surgeonfish,3,2,swim,0,none,none,11.58,12.29,31,end video B1 (7),,
Cook_A,01/18/2024,2,1,2,1,thalassoma,duperrey,saddlewrasse,1,2,swim,0,none,none,0.17,0.36,19,"survey ended @ 1.:02, video B1 (8)",,
Cook_A,01/18/2024,2,1,2,2,thalassoma,duperrey,saddlewrasse,1,3,foraging,6,substrate,none,6.44,7.14,30,"survey starts @ 12:36, video B2 (4), no fish. ",video B2 (5),
Cook_A,01/18/2024,2,1,2,2,thalassoma,duperrey,saddlewrasse,1,3,foraging,1,substrate,none,12.10,12.21,11,video B2 (7),,
Cook_A,01/18/2024,2,1,2,2,thalassoma,duperrey,saddlewrasse,1,3,swim,0,none,none,0.25,0.30,5,"survey ended @ 1:12, video B2 (8)",,